latitude,longitude,bright_ti4,scan,track,acq_date,acq_time,satellite,instrument,confidence,version,bright_ti5,frp,daynight,acq_datetime,confidence_score,event_id,persistence_count_30d,dist_to_industrial_m,dist_to_power_m,dist_to_mining_m,dist_to_cropland_m,dist_to_forest_m,label,label_name,source,label_source,facility,dist_to_facility_km,lat_c,lon_c
29.80445,73.11905,339.27,0.57,0.43,2026-07-20,801,N,VIIRS,n,2.0NRT,296.34,6.03,D,2026-07-20 08:01:00,0.6,194_2026-07-20,0.0,287285.794833671,431525.1018142169,537277.5506741536,50000.0,50000.0,4,other_unclassified,real,,,,,
30.04472,73.04025,331.29,0.57,0.43,2026-07-20,801,N,VIIRS,n,2.0NRT,295.98,8.63,D,2026-07-20 08:01:00,0.6,195_2026-07-20,0.0,283585.1616212049,447777.0544372717,564969.0703542188,50000.0,50000.0,4,other_unclassified,real,,,,,
30.27229,73.27193,338.49,0.55,0.42,2026-07-20,803,N,VIIRS,n,2.0NRT,298.0,5.05,D,2026-07-20 08:03:00,0.6,196_2026-07-20,0.0,254290.48565268205,437438.6466074323,585942.966457233,50000.0,50000.0,4,other_unclassified,real,,,,,
30.06366,73.24711,345.85,0.34,0.56,2026-07-21,741,N,VIIRS,n,2.0NRT,281.72,8.65,D,2026-07-21 07:41:00,0.6,197_2026-07-21,0.0,264267.2809207633,430112.5165261851,563415.4683274215,50000.0,50000.0,4,other_unclassified,real,,,,,
30.18739,73.00787,333.98,0.35,0.56,2026-07-21,741,N,VIIRS,n,2.0NRT,283.75,2.13,D,2026-07-21 07:41:00,0.6,198_2026-07-21,0.0,281320.0324053118,456661.2670273691,581135.5872326982,50000.0,50000.0,4,other_unclassified,real,,,,,
28.66147,77.57709,305.99,0.33,0.55,2026-07-21,2006,N,VIIRS,n,2.0NRT,286.07,1.06,N,2026-07-21 20:06:00,0.6,199_2026-07-21,1.0,16107.912026642902,31329.803967004125,524293.1184909736,50000.0,50000.0,0,industrial_fire,real,,,,,
28.66513,77.57671,306.55,0.33,0.55,2026-07-21,2006,N,VIIRS,n,2.0NRT,286.02,1.8,N,2026-07-21 20:06:00,0.6,200_2026-07-21,1.0,16074.215437793904,31522.05492700921,524575.871208634,50000.0,50000.0,0,industrial_fire,real,,,,,
26.63897,79.47527,303.97,0.47,0.64,2026-07-22,1947,N,VIIRS,n,2.0NRT,286.27,1.19,N,2026-07-22 19:47:00,0.6,201_2026-07-22,0.0,86095.92374737725,298019.7352373552,559796.933007499,50000.0,50000.0,0,industrial_fire,real,,,,,
26.64495,79.47585,307.95,0.47,0.64,2026-07-22,1947,N,VIIRS,n,2.0NRT,285.9,1.19,N,2026-07-22 19:47:00,0.6,202_2026-07-22,0.0,86185.13662366732,297593.34328256844,560047.6816485757,50000.0,50000.0,0,industrial_fire,real,,,,,
28.71034,76.85629,304.36,0.71,0.75,2026-07-22,1949,N,VIIRS,n,2.0NRT,284.31,1.0,N,2026-07-22 19:49:00,0.6,203_2026-07-22,0.0,54473.68562874526,49503.61191280682,485724.40341468266,50000.0,50000.0,0,industrial_fire,real,,,,,
27.66928,76.13039,305.95,0.34,0.56,2026-07-22,2127,N,VIIRS,n,2.0NRT,287.36,0.9,N,2026-07-22 21:27:00,0.6,205_2026-07-22,1.0,142880.72845141668,148466.83606075583,349996.04741147574,50000.0,50000.0,0,industrial_fire,real,,,,,
27.66849,76.13383,303.92,0.34,0.56,2026-07-22,2127,N,VIIRS,n,2.0NRT,287.24,0.7,N,2026-07-22 21:27:00,0.6,204_2026-07-22,1.0,142658.66357507044,148260.04505087435,350115.7937671183,50000.0,50000.0,0,industrial_fire,real,,,,,
28.74357,76.92528,301.6,0.39,0.44,2026-07-23,2110,N,VIIRS,n,2.0NRT,288.53,1.25,N,2026-07-23 21:10:00,0.6,206_2026-07-23,0.0,48329.29226576062,45623.53018477454,492562.4018567397,50000.0,50000.0,4,other_unclassified,real,,,,,
28.92535,78.86118,355.41,0.49,0.49,2026-07-23,2110,N,VIIRS,n,2.0NRT,289.9,24.44,N,2026-07-23 21:10:00,0.6,207_2026-07-23,0.0,144220.97422848566,158412.3218142705,633367.8143242717,50000.0,50000.0,0,industrial_fire,real,,,,,
26.64354,79.48151,330.2,0.43,0.46,2026-07-24,824,N,VIIRS,n,2.0NRT,291.34,4.01,D,2026-07-24 08:24:00,0.6,208_2026-07-24,2.0,85601.82679677749,298104.0384549409,560539.0988749316,50000.0,50000.0,0,industrial_fire,real,,,,,
30.50584,73.81229,336.07,0.4,0.37,2026-07-24,826,N,VIIRS,n,2.0NRT,296.72,2.6,D,2026-07-24 08:26:00,0.6,209_2026-07-24,1.0,197378.1429535244,404670.6750121176,606302.8727632557,50000.0,50000.0,4,other_unclassified,real,,,,,
30.50923,73.81166,340.34,0.4,0.37,2026-07-24,826,N,VIIRS,n,2.0NRT,295.96,5.81,D,2026-07-24 08:26:00,0.6,210_2026-07-24,1.0,197345.8522489172,404923.82279127935,606682.6980108125,50000.0,50000.0,4,other_unclassified,real,,,,,
30.72807,73.80727,336.54,0.4,0.37,2026-07-24,826,N,VIIRS,n,2.0NRT,294.22,2.71,D,2026-07-24 08:26:00,0.6,211_2026-07-24,1.0,193370.27457142397,418830.66065952176,631000.5122192121,50000.0,50000.0,2,agricultural_burn,real,,,,,
30.72849,73.80787,335.4,0.4,0.37,2026-07-24,826,N,VIIRS,n,2.0NRT,293.66,3.5,D,2026-07-24 08:26:00,0.6,212_2026-07-24,1.0,193307.76705267065,418810.7673410956,631043.8891631851,50000.0,50000.0,2,agricultural_burn,real,,,,,
30.85359,75.53551,331.38,0.46,0.39,2026-07-24,826,N,VIIRS,n,2.0NRT,294.3,2.44,D,2026-07-24 08:26:00,0.6,213_2026-07-24,1.0,28134.03115181503,311990.2906228235,657951.468668953,50000.0,50000.0,4,other_unclassified,real,,,,,
30.85431,75.53709,334.33,0.46,0.39,2026-07-24,826,N,VIIRS,n,2.0NRT,294.86,3.83,D,2026-07-24 08:26:00,0.6,214_2026-07-24,1.0,27967.458765037885,311973.1754463975,658061.5141837244,50000.0,50000.0,4,other_unclassified,real,,,,,
31.31094,75.34057,335.03,0.45,0.39,2026-07-24,826,N,VIIRS,n,2.0NRT,295.04,3.18,D,2026-07-24 08:26:00,0.6,215_2026-07-24,1.0,63029.41222702238,364807.8802994008,704368.5172415029,50000.0,50000.0,0,industrial_fire,real,,,,,
31.31453,75.33996,337.4,0.45,0.39,2026-07-24,826,N,VIIRS,n,2.0NRT,293.69,3.18,D,2026-07-24 08:26:00,0.6,216_2026-07-24,1.0,63346.64042583089,365177.68291330914,704752.1994879325,50000.0,50000.0,0,industrial_fire,real,,,,,
29.12566,75.77786,306.08,0.38,0.36,2026-07-24,2051,N,VIIRS,n,2.0NRT,290.64,2.4,N,2026-07-24 20:51:00,0.6,219_2026-07-24,0.0,117477.19703881707,164132.24398406706,479315.2502669312,50000.0,50000.0,0,industrial_fire,real,,,,,
27.37768,77.68481,303.1,0.41,0.37,2026-07-24,2051,N,VIIRS,n,2.0NRT,291.63,2.5,N,2026-07-24 20:51:00,0.6,217_2026-07-24,0.0,9642.479370205714,131022.61738097134,435610.41680425615,50000.0,50000.0,0,industrial_fire,real,,,,,
28.77386,77.56726,313.65,0.4,0.37,2026-07-24,2051,N,VIIRS,n,2.0NRT,291.04,2.59,N,2026-07-24 20:51:00,0.6,218_2026-07-24,0.0,19594.56475437933,38910.99577038264,533166.2699968762,50000.0,50000.0,4,other_unclassified,real,,,,,
26.87887,73.5134,306.5,0.41,0.37,2026-07-24,2053,N,VIIRS,n,2.0NRT,291.13,3.92,N,2026-07-24 20:53:00,0.6,220_2026-07-24,0.0,411495.0257363922,415173.09195100487,212174.8950849011,50000.0,50000.0,0,industrial_fire,real,,,,,
30.98171,76.17087,332.17,0.39,0.36,2026-07-25,807,N,VIIRS,n,2.0NRT,294.87,3.75,D,2026-07-25 08:07:00,0.6,162_2026-07-25,0.0,34155.91921732365,296156.6984970804,687096.016071656,50000.0,50000.0,2,agricultural_burn,real,,,,,
26.60645,73.6841,304.8,0.45,0.47,2026-07-25,2032,N,VIIRS,n,2.0NRT,290.12,1.79,N,2026-07-25 20:32:00,0.6,163_2026-07-25,0.0,405292.4261027321,415090.7871732735,178270.30705106864,50000.0,50000.0,0,industrial_fire,real,,,,,
26.64172,79.47929,315.69,0.39,0.36,2026-07-25,2032,N,VIIRS,n,2.0NRT,288.74,1.59,N,2026-07-25 20:32:00,0.6,164_2026-07-25,3.0,85772.33327763328,298088.96929919143,560268.6981563736,50000.0,50000.0,1,persistent_industrial,real,,,,,
28.72426,76.68844,306.29,0.49,0.4,2026-07-25,2032,N,VIIRS,n,2.0NRT,290.67,2.29,N,2026-07-25 20:32:00,0.6,165_2026-07-25,0.0,69659.87338083186,65082.01155305542,478084.8099319547,50000.0,50000.0,4,other_unclassified,real,,,,,
29.57411,74.33419,339.62,0.49,0.48,2026-07-26,748,N,VIIRS,n,2.0NRT,295.38,5.46,D,2026-07-26 07:48:00,0.6,166_2026-07-26,0.0,206795.74088673928,312444.62103869073,502011.7787111717,50000.0,50000.0,4,other_unclassified,real,,,,,
29.73132,78.01617,328.71,0.47,0.4,2026-07-26,748,N,VIIRS,l,2.0NRT,296.48,4.25,D,2026-07-26 07:48:00,0.3,167_2026-07-26,0.0,110291.44968325215,152431.33723714185,643580.1621886175,50000.0,50000.0,4,other_unclassified,real,,,,,
26.64404,79.47814,306.54,0.39,0.44,2026-07-26,2014,N,VIIRS,n,2.0NRT,286.84,1.44,N,2026-07-26 20:14:00,0.6,168_2026-07-26,4.0,85940.7448401427,297826.44102825347,560235.3637327492,50000.0,50000.0,1,persistent_industrial,real,,,,,
26.64647,79.47639,308.87,0.38,0.59,2026-07-27,1953,N,VIIRS,n,2.0NRT,276.5,1.19,N,2026-07-27 19:53:00,0.6,170_2026-07-27,3.0,86170.60208050051,297512.8914165746,560148.8042907377,50000.0,50000.0,1,persistent_industrial,real,,,,,
26.64103,79.47578,310.79,0.38,0.59,2026-07-27,1953,N,VIIRS,n,2.0NRT,276.19,1.18,N,2026-07-27 19:53:00,0.6,169_2026-07-27,6.0,86095.98996804075,297894.6760446876,559912.7025321397,50000.0,50000.0,1,persistent_industrial,real,,,,,
31.2597,76.92422,307.19,0.42,0.45,2026-07-28,2114,N,VIIRS,n,2.0NRT,287.75,0.77,N,2026-07-28 21:14:00,0.6,172_2026-07-28,0.0,50343.10156418444,308203.2530740396,740351.8972254326,50000.0,50000.0,0,industrial_fire,real,,,,,
31.24981,76.92992,302.52,0.42,0.45,2026-07-28,2114,N,VIIRS,n,2.0NRT,287.09,0.71,N,2026-07-28 21:14:00,0.6,171_2026-07-28,0.0,51130.41270184821,307046.0372232198,739537.6911128624,50000.0,50000.0,0,industrial_fire,real,,,,,
26.96399,73.29074,335.06,0.4,0.37,2026-07-29,833,N,VIIRS,n,2.0NRT,300.03,3.0,D,2026-07-29 08:33:00,0.6,173_2026-07-29,0.0,427715.9903034289,431005.12076126446,228709.09533433564,50000.0,50000.0,4,other_unclassified,real,,,,,
29.69316,73.15125,331.37,0.42,0.38,2026-07-29,833,N,VIIRS,n,2.0NRT,298.65,1.93,D,2026-07-29 08:33:00,0.6,174_2026-07-29,0.0,290238.9033903209,424787.69661460415,524534.0288889845,50000.0,50000.0,2,agricultural_burn,real,,,,,
30.04467,73.30842,335.74,0.43,0.38,2026-07-29,833,N,VIIRS,n,2.0NRT,298.11,4.35,D,2026-07-29 08:33:00,0.6,175_2026-07-29,0.0,259602.3939775221,423854.213584096,560394.1803867305,50000.0,50000.0,4,other_unclassified,real,,,,,
30.0622,73.35979,332.51,0.43,0.38,2026-07-29,833,N,VIIRS,n,2.0NRT,297.61,1.68,D,2026-07-29 08:33:00,0.6,176_2026-07-29,1.0,254288.9163006684,420067.96036644565,561585.8276974695,50000.0,50000.0,4,other_unclassified,real,,,,,
30.24343,73.34405,340.77,0.43,0.38,2026-07-29,833,N,VIIRS,n,2.0NRT,298.17,8.94,D,2026-07-29 08:33:00,0.6,178_2026-07-29,0.0,248663.98479101365,429805.291622616,581747.0890393956,50000.0,50000.0,4,other_unclassified,real,,,,,
30.29878,73.74285,332.71,0.44,0.39,2026-07-29,833,N,VIIRS,n,2.0NRT,297.54,3.12,D,2026-07-29 08:33:00,0.6,179_2026-07-29,0.0,210440.3685857801,398618.7039155512,583762.3895839542,50000.0,50000.0,4,other_unclassified,real,,,,,
30.44261,73.8577,332.93,0.45,0.39,2026-07-29,833,N,VIIRS,n,2.0NRT,299.72,3.29,D,2026-07-29 08:33:00,0.6,180_2026-07-29,0.0,195014.4389081817,397243.188572769,599044.405637455,50000.0,50000.0,4,other_unclassified,real,,,,,
30.61484,73.8088,331.98,0.45,0.39,2026-07-29,833,N,VIIRS,n,2.0NRT,296.89,2.88,D,2026-07-29 08:33:00,0.6,181_2026-07-29,0.0,195128.73335420887,411573.4255995466,618422.1348465509,50000.0,50000.0,4,other_unclassified,real,,,,,
30.06569,73.35918,336.58,0.43,0.38,2026-07-29,833,N,VIIRS,n,2.0NRT,297.43,2.68,D,2026-07-29 08:33:00,0.6,177_2026-07-29,1.0,254193.9266466161,420275.5988701826,561978.3068864595,50000.0,50000.0,4,other_unclassified,real,,,,,
31.25142,76.92837,299.3,0.4,0.37,2026-07-29,2055,N,VIIRS,n,2.0NRT,289.26,1.01,N,2026-07-29 20:55:00,0.6,189_2026-07-29,1.0,50943.70258822291,307241.5206866369,739647.8326659963,50000.0,50000.0,0,industrial_fire,real,,,,,
28.77504,76.69907,317.99,0.41,0.37,2026-07-29,2055,N,VIIRS,n,2.0NRT,291.91,0.96,N,2026-07-29 20:55:00,0.6,187_2026-07-29,1.0,69950.3266906256,66430.2185749556,483420.2917875984,50000.0,50000.0,4,other_unclassified,real,,,,,
28.77164,76.6983,308.98,0.41,0.37,2026-07-29,2055,N,VIIRS,n,2.0NRT,291.68,0.96,N,2026-07-29 20:55:00,0.6,186_2026-07-29,1.0,70330.17884165178,66330.35662865765,483059.7712468581,50000.0,50000.0,4,other_unclassified,real,,,,,
29.47426,76.8594,307.67,0.41,0.37,2026-07-29,2055,N,VIIRS,n,2.0NRT,292.52,1.97,N,2026-07-29 20:55:00,0.6,188_2026-07-29,0.0,15716.988744054988,115964.07884939914,558320.3990789977,50000.0,50000.0,0,industrial_fire,real,,,,,
28.66101,77.58128,305.66,0.44,0.39,2026-07-29,2055,N,VIIRS,n,2.0NRT,288.85,1.71,N,2026-07-29 20:55:00,0.6,183_2026-07-29,2.0,16517.02484997759,31646.208668539657,524523.0200515515,50000.0,50000.0,1,persistent_industrial,real,,,,,
28.66223,77.57938,305.56,0.44,0.39,2026-07-29,2055,N,VIIRS,n,2.0NRT,289.29,1.72,N,2026-07-29 20:55:00,0.6,184_2026-07-29,3.0,16331.199925310935,31563.31333264299,524503.5559696159,50000.0,50000.0,1,persistent_industrial,real,,,,,
28.7445,76.93399,307.14,0.42,0.38,2026-07-29,2055,N,VIIRS,n,2.0NRT,291.78,0.59,N,2026-07-29 20:55:00,0.6,185_2026-07-29,0.0,47514.80937888668,44990.37170677377,493128.2692539769,50000.0,50000.0,4,other_unclassified,real,,,,,
28.37241,77.22707,311.97,0.43,0.38,2026-07-29,2055,N,VIIRS,n,2.0NRT,289.99,1.7,N,2026-07-29 20:55:00,0.6,182_2026-07-29,0.0,9849.7461213018,17027.282503163184,477627.28387935087,50000.0,50000.0,0,industrial_fire,real,,,,,
27.66858,76.12903,310.74,0.41,0.37,2026-07-29,2057,N,VIIRS,n,2.0NRT,291.86,1.38,N,2026-07-29 20:57:00,0.6,193_2026-07-29,3.0,143034.8265216306,148619.82674022752,349856.0267794454,50000.0,50000.0,1,persistent_industrial,real,,,,,
26.64041,79.47852,314.25,0.39,0.44,2026-07-29,2057,N,VIIRS,n,2.0NRT,284.55,2.5,N,2026-07-29 20:57:00,0.6,190_2026-07-29,5.0,85815.18505617284,298136.84202946094,560152.7382682574,50000.0,50000.0,1,persistent_industrial,real,,,,,
27.2882,73.83845,306.49,0.38,0.36,2026-07-29,2057,N,VIIRS,n,2.0NRT,292.09,2.22,N,2026-07-29 20:57:00,0.6,191_2026-07-29,0.0,363922.9046750919,366925.8207557831,249638.5002579704,50000.0,50000.0,4,other_unclassified,real,,,,,
27.66788,76.13313,305.63,0.41,0.37,2026-07-29,2057,N,VIIRS,n,2.0NRT,291.58,1.03,N,2026-07-29 20:57:00,0.6,192_2026-07-29,3.0,142754.33639586356,148356.35192946027,350020.82559831924,50000.0,50000.0,1,persistent_industrial,real,,,,,
28.46732,76.80379,335.67,0.39,0.36,2026-07-30,813,N,VIIRS,n,2.0NRT,299.44,4.16,D,2026-07-30 08:13:00,0.6,132_2026-07-30,0.0,49966.55158195531,49484.30425130826,460578.70058147446,50000.0,50000.0,0,industrial_fire,real,,,,,
29.12459,75.77606,308.37,0.46,0.39,2026-07-30,2038,N,VIIRS,n,2.0NRT,291.32,4.7,N,2026-07-30 20:38:00,0.6,144_2026-07-30,1.0,117674.6338465111,164242.52816421163,479143.9508912959,50000.0,50000.0,0,industrial_fire,real,,,,,
28.89301,78.85428,322.32,0.39,0.36,2026-07-30,2038,N,VIIRS,n,2.0NRT,285.44,3.89,N,2026-07-30 20:38:00,0.6,143_2026-07-30,0.0,142894.04587971364,156771.54002818945,630481.6869851982,50000.0,50000.0,4,other_unclassified,real,,,,,
28.74503,76.92786,314.83,0.42,0.37,2026-07-30,2038,N,VIIRS,n,2.0NRT,290.68,1.73,N,2026-07-30 20:38:00,0.6,142_2026-07-30,2.0,48112.72073472593,45511.19708038012,492838.5396590516,50000.0,50000.0,4,other_unclassified,real,,,,,
28.74383,76.93636,306.51,0.42,0.37,2026-07-30,2038,N,VIIRS,n,2.0NRT,290.63,1.62,N,2026-07-30 20:38:00,0.6,141_2026-07-30,1.0,47273.78072119132,44759.2939536862,493197.8415854866,50000.0,50000.0,4,other_unclassified,real,,,,,
28.37166,77.22602,310.1,0.41,0.37,2026-07-30,2038,N,VIIRS,n,2.0NRT,288.97,0.97,N,2026-07-30 20:38:00,0.6,140_2026-07-30,1.0,9981.21252119821,17148.929009405267,477497.2395277356,50000.0,50000.0,0,industrial_fire,real,,,,,
28.27302,77.18317,298.91,0.41,0.37,2026-07-30,2038,N,VIIRS,n,2.0NRT,281.18,0.61,N,2026-07-30 20:38:00,0.6,136_2026-07-30,1.0,20641.159363618728,28841.143527955544,466433.9762851439,50000.0,50000.0,3,wildfire,real,,,,,
28.27749,77.27287,305.6,0.4,0.37,2026-07-30,2038,N,VIIRS,n,2.0NRT,285.64,0.77,N,2026-07-30 20:38:00,0.6,138_2026-07-30,0.0,16302.490456251398,25860.871948914235,472588.5506899106,50000.0,50000.0,0,industrial_fire,real,,,,,
28.27642,77.18379,303.49,0.41,0.37,2026-07-30,2038,N,VIIRS,n,2.0NRT,284.41,0.99,N,2026-07-30 20:38:00,0.6,137_2026-07-30,1.0,20305.45371867641,28473.07122577694,466760.0745443986,50000.0,50000.0,3,wildfire,real,,,,,
27.66919,76.12913,306.49,0.43,0.38,2026-07-30,2038,N,VIIRS,n,2.0NRT,290.75,2.12,N,2026-07-30 20:38:00,0.6,135_2026-07-30,4.0,142986.9822065508,148569.34754556432,349917.5023341965,50000.0,50000.0,1,persistent_industrial,real,,,,,
26.64277,79.47996,322.01,0.39,0.36,2026-07-30,2038,N,VIIRS,n,2.0NRT,287.01,1.9,N,2026-07-30 20:38:00,0.6,134_2026-07-30,8.0,85733.07980260473,298054.3956481389,560366.6773809033,50000.0,50000.0,1,persistent_industrial,real,,,,,
26.27181,74.1904,308.1,0.51,0.41,2026-07-30,2038,N,VIIRS,n,2.0NRT,293.24,3.23,N,2026-07-30 20:38:00,0.6,133_2026-07-30,0.0,368891.6215510938,395653.988332256,134554.84094043518,50000.0,50000.0,0,industrial_fire,real,,,,,
28.2934,77.18693,306.11,0.41,0.37,2026-07-30,2038,N,VIIRS,n,2.0NRT,288.3,1.14,N,2026-07-30 20:38:00,0.6,139_2026-07-30,0.0,18653.365456276017,26639.258115984943,468392.6793067539,50000.0,50000.0,3,wildfire,real,,,,,
29.47497,76.85839,312.47,0.42,0.38,2026-07-30,2038,N,VIIRS,n,2.0NRT,288.84,1.95,N,2026-07-30 20:38:00,0.6,145_2026-07-30,1.0,15839.140416401198,116074.14423679968,558341.7412332854,50000.0,50000.0,0,industrial_fire,real,,,,,
30.29496,73.73587,337.11,0.42,0.45,2026-07-31,756,N,VIIRS,n,2.0NRT,291.97,2.89,D,2026-07-31 07:56:00,0.6,146_2026-07-31,2.0,211214.5128718247,398998.520805745,583387.7132764288,50000.0,50000.0,4,other_unclassified,real,,,,,
30.29584,73.74016,329.9,0.42,0.45,2026-07-31,756,N,VIIRS,n,2.0NRT,291.87,2.89,D,2026-07-31 07:56:00,0.6,147_2026-07-31,2.0,210793.78987274383,398685.721143901,583455.1100460275,50000.0,50000.0,4,other_unclassified,real,,,,,
26.64447,79.4797,311.34,0.48,0.4,2026-07-31,2019,N,VIIRS,n,2.0NRT,288.4,1.15,N,2026-07-31 20:19:00,0.6,151_2026-07-31,12.0,85800.22158085674,297903.30805831583,560397.6125550112,50000.0,50000.0,1,persistent_industrial,real,,,,,
26.64223,79.48099,310.23,0.48,0.4,2026-07-31,2019,N,VIIRS,n,2.0NRT,288.31,0.87,N,2026-07-31 20:19:00,0.6,149_2026-07-31,10.0,85619.98269415845,298169.45254305814,560446.8646264974,50000.0,50000.0,1,persistent_industrial,real,,,,,
26.64285,79.4761,308.56,0.48,0.4,2026-07-31,2019,N,VIIRS,n,2.0NRT,288.04,0.87,N,2026-07-31 20:19:00,0.6,150_2026-07-31,12.0,86109.24221597129,297775.0609729352,560002.6413304002,50000.0,50000.0,1,persistent_industrial,real,,,,,
28.83179,78.76865,314.79,0.56,0.43,2026-07-31,2019,N,VIIRS,n,2.0NRT,289.48,7.4,N,2026-07-31 20:19:00,0.6,152_2026-07-31,1.0,133600.36283280747,146980.92645943325,619725.1718204232,50000.0,50000.0,0,industrial_fire,real,,,,,
28.83574,78.76926,330.97,0.56,0.43,2026-07-31,2019,N,VIIRS,n,2.0NRT,290.51,7.4,N,2026-07-31 20:19:00,0.6,153_2026-07-31,1.0,133719.502438775,147144.17708535216,620060.7106180813,50000.0,50000.0,0,industrial_fire,real,,,,,
29.90904,74.94445,324.08,0.64,0.54,2026-07-31,2019,N,VIIRS,n,2.0NRT,288.36,4.58,N,2026-07-31 20:19:00,0.6,154_2026-07-31,1.0,140305.13633235803,277284.2157932753,544458.9476546453,50000.0,50000.0,0,industrial_fire,real,,,,,
29.91071,74.94379,315.7,0.63,0.54,2026-07-31,2019,N,VIIRS,n,2.0NRT,288.45,5.6,N,2026-07-31 20:19:00,0.6,155_2026-07-31,1.0,140193.89262527856,277439.98892686685,544633.4709697474,50000.0,50000.0,0,industrial_fire,real,,,,,
26.64078,79.4791,313.2,0.48,0.4,2026-07-31,2019,N,VIIRS,n,2.0NRT,287.89,1.15,N,2026-07-31 20:19:00,0.6,148_2026-07-31,10.0,85767.88900269145,298148.9518419741,560219.928197786,50000.0,50000.0,1,persistent_industrial,real,,,,,
31.67013,73.18804,333.96,0.58,0.7,2026-08-01,915,N,VIIRS,n,2.0NRT,287.46,4.43,D,2026-08-01 09:15:00,0.6,156_2026-08-01,1.0,263613.83773200825,529769.9644221878,740931.5103464376,50000.0,50000.0,0,industrial_fire,real,,,,,
31.67132,73.1893,333.79,0.58,0.7,2026-08-01,915,N,VIIRS,n,2.0NRT,287.22,4.88,D,2026-08-01 09:15:00,0.6,157_2026-08-01,1.0,263540.688636761,529765.3381956234,741046.8523053586,50000.0,50000.0,0,industrial_fire,real,,,,,
31.01247,76.57536,295.38,0.5,0.66,2026-08-01,2000,N,VIIRS,n,2.0NRT,285.26,4.85,N,2026-08-01 20:00:00,0.6,158_2026-08-01,0.0,42000.13766584635,287321.1620722007,702712.0131878696,50000.0,50000.0,2,agricultural_burn,real,,,,,
30.26365,73.24959,334.22,0.6,0.53,2026-08-02,858,N,VIIRS,n,2.0NRT,292.0,5.36,D,2026-08-02 08:58:00,0.6,159_2026-08-02,0.0,256623.77023127596,438960.90492808697,585326.9068491895,50000.0,50000.0,4,other_unclassified,real,,,,,
29.47635,76.85744,313.34,0.56,0.51,2026-08-02,2123,N,VIIRS,n,2.0NRT,288.79,4.23,N,2026-08-02 21:23:00,0.6,161_2026-08-02,2.0,16016.857931086832,116250.98792157492,558431.022131099,50000.0,50000.0,1,persistent_industrial,real,,,,,
29.45936,76.88863,301.32,0.56,0.51,2026-08-02,2123,N,VIIRS,n,2.0NRT,281.04,1.68,N,2026-08-02 21:23:00,0.6,160_2026-08-02,0.0,12741.756176945672,113378.29782407096,558261.7527401788,50000.0,50000.0,0,industrial_fire,real,,,,,
29.12459,75.77742,305.13,0.41,0.37,2026-08-04,2044,N,VIIRS,n,2.0NRT,287.28,1.38,N,2026-08-04 20:44:00,0.6,120_2026-08-04,2.0,117546.05068423132,164122.13890218147,479188.8283064732,50000.0,50000.0,1,persistent_industrial,real,,,,,
30.18674,73.366,330.5,0.33,0.55,2026-08-06,741,N,VIIRS,n,2.0NRT,292.73,2.09,D,2026-08-06 07:41:00,0.6,121_2026-08-06,0.0,248721.658276342,425198.01181791874,575209.4029587114,50000.0,50000.0,4,other_unclassified,real,,,,,
31.69593,73.21014,339.71,0.38,0.59,2026-08-07,905,N,VIIRS,n,2.0NRT,293.91,2.58,D,2026-08-07 09:05:00,0.6,125_2026-08-07,0.0,262519.284452827,530056.6835409896,743501.752913691,50000.0,50000.0,0,industrial_fire,real,,,,,
30.27043,73.32155,330.42,0.38,0.58,2026-08-07,905,N,VIIRS,n,2.0NRT,294.05,4.6,D,2026-08-07 09:05:00,0.6,122_2026-08-07,2.0,249801.49584297105,433057.7316256902,585028.1512810375,50000.0,50000.0,4,other_unclassified,real,,,,,
30.27074,73.32553,352.08,0.38,0.58,2026-08-07,905,N,VIIRS,n,2.0NRT,294.2,8.07,D,2026-08-07 09:05:00,0.6,123_2026-08-07,2.0,249426.5307962357,432729.0629945062,585007.0063919362,50000.0,50000.0,4,other_unclassified,real,,,,,
30.27128,73.32471,367.0,0.38,0.58,2026-08-07,905,N,VIIRS,h,2.0NRT,294.51,8.61,D,2026-08-07 09:05:00,0.9,124_2026-08-07,2.0,249483.65219429857,432826.1438406967,585077.7852276171,50000.0,50000.0,4,other_unclassified,real,,,,,
26.64386,79.47507,295.42,0.47,0.64,2026-08-07,1947,N,VIIRS,n,2.0NRT,265.29,2.77,N,2026-08-07 19:47:00,0.6,126_2026-08-07,13.0,86233.8537080833,297623.30923675094,559937.8852916413,50000.0,50000.0,1,persistent_industrial,real,,,,,
27.08046,73.81846,306.16,0.44,0.38,2026-08-08,2110,N,VIIRS,n,2.0NRT,291.83,3.01,N,2026-08-08 21:10:00,0.6,129_2026-08-08,0.0,374641.8010575059,378153.53844041406,227049.80347684663,50000.0,50000.0,4,other_unclassified,real,,,,,
26.6441,79.47943,302.9,0.59,0.53,2026-08-08,2110,N,VIIRS,n,2.0NRT,278.84,1.11,N,2026-08-08 21:10:00,0.6,128_2026-08-08,15.0,85817.22232560256,297913.0668698418,560359.8539994545,50000.0,50000.0,1,persistent_industrial,real,,,,,
27.2877,73.83897,306.61,0.44,0.38,2026-08-08,2110,N,VIIRS,n,2.0NRT,291.65,1.52,N,2026-08-08 21:10:00,0.6,130_2026-08-08,1.0,363894.9064767183,366899.62677118834,249576.67263539377,50000.0,50000.0,4,other_unclassified,real,,,,,
27.66929,76.13332,305.1,0.55,0.42,2026-08-08,2110,N,VIIRS,n,2.0NRT,290.4,1.49,N,2026-08-08 21:10:00,0.6,131_2026-08-08,5.0,142646.81070321755,148242.60593971156,350160.55251462973,50000.0,50000.0,1,persistent_industrial,real,,,,,
26.64085,79.47772,304.21,0.59,0.53,2026-08-08,2110,N,VIIRS,n,2.0NRT,279.24,0.85,N,2026-08-08 21:10:00,0.6,127_2026-08-08,14.0,85903.44344022461,298045.8914746471,560091.113739069,50000.0,50000.0,1,persistent_industrial,real,,,,,
30.89644,73.2084,331.57,0.39,0.36,2026-08-09,826,N,VIIRS,l,2.0NRT,302.55,4.04,D,2026-08-09 08:26:00,0.3,108_2026-08-09,1.0,249165.87091878944,476715.6871730864,655472.6921444837,50000.0,50000.0,4,other_unclassified,real,,,,,
30.89251,73.20496,330.43,0.39,0.36,2026-08-09,826,N,VIIRS,l,2.0NRT,302.12,3.85,D,2026-08-09 08:26:00,0.3,107_2026-08-09,1.0,249504.11339188225,476754.9839509891,655088.7331500361,50000.0,50000.0,4,other_unclassified,real,,,,,
29.47577,76.85696,307.79,0.39,0.36,2026-08-09,2051,N,VIIRS,n,2.0NRT,287.48,0.61,N,2026-08-09 20:51:00,0.6,111_2026-08-09,3.0,15994.12897236538,116208.91628136503,558352.0693357124,50000.0,50000.0,1,persistent_industrial,real,,,,,
28.37205,77.22668,305.23,0.39,0.36,2026-08-09,2051,N,VIIRS,n,2.0NRT,287.46,0.97,N,2026-08-09 20:51:00,0.6,109_2026-08-09,2.0,9903.448230873177,17080.461450297717,477572.075133305,50000.0,50000.0,1,persistent_industrial,real,,,,,
28.74297,76.93353,308.59,0.39,0.36,2026-08-09,2051,N,VIIRS,n,2.0NRT,287.86,0.94,N,2026-08-09 20:51:00,0.6,110_2026-08-09,3.0,47526.64285543504,44927.87533621401,492962.6742501168,50000.0,50000.0,4,other_unclassified,real,,,,,
28.34927,77.25589,306.44,0.55,0.51,2026-08-11,2014,N,VIIRS,n,2.0NRT,289.2,3.29,N,2026-08-11 20:14:00,0.6,112_2026-08-11,0.0,9590.883179915674,18370.81575593026,477503.9830646177,50000.0,50000.0,0,industrial_fire,real,,,,,
28.6487,77.58789,307.21,0.53,0.5,2026-08-11,2014,N,VIIRS,n,2.0NRT,290.5,5.8,N,2026-08-11 20:14:00,0.6,113_2026-08-11,1.0,17226.203325170463,31491.684658840597,523916.6462348837,50000.0,50000.0,0,industrial_fire,real,,,,,
28.65111,77.58927,306.15,0.53,0.5,2026-08-11,2014,N,VIIRS,n,2.0NRT,290.38,6.51,N,2026-08-11 20:14:00,0.6,114_2026-08-11,1.0,17339.393534196704,31741.924399991345,524206.9526032124,50000.0,50000.0,0,industrial_fire,real,,,,,
30.30019,73.51273,338.0,0.48,0.65,2026-08-12,909,N,VIIRS,n,2.0NRT,290.59,7.14,D,2026-08-12 09:09:00,0.6,115_2026-08-12,0.0,231306.2805106264,418146.8430157153,585953.9140341552,50000.0,50000.0,4,other_unclassified,real,,,,,
26.64153,79.47498,306.13,0.38,0.59,2026-08-12,1953,N,VIIRS,n,2.0NRT,284.86,1.03,N,2026-08-12 19:53:00,0.6,116_2026-08-12,16.0,86185.70484026926,297799.0446360466,559853.0609132762,50000.0,50000.0,1,persistent_industrial,real,,,,,
26.64242,79.48309,313.16,0.7,0.75,2026-08-12,2133,N,VIIRS,n,2.0NRT,286.19,2.67,N,2026-08-12 21:33:00,0.6,117_2026-08-12,14.0,85421.08739452729,298303.31093217747,560652.5706307143,50000.0,50000.0,1,persistent_industrial,real,,,,,
26.64256,79.48462,310.31,0.7,0.75,2026-08-12,2133,N,VIIRS,n,2.0NRT,286.31,2.46,N,2026-08-12 21:33:00,0.6,118_2026-08-12,10.0,85276.25048132775,298400.76697282435,560802.4956045006,50000.0,50000.0,1,persistent_industrial,real,,,,,
31.25882,76.92647,304.8,0.39,0.59,2026-08-12,2133,N,VIIRS,n,2.0NRT,288.82,0.61,N,2026-08-12 21:33:00,0.6,119_2026-08-12,1.0,50573.67978952553,308080.16423231544,740341.8081456433,50000.0,50000.0,0,industrial_fire,real,,,,,
30.90756,73.21498,330.42,0.43,0.38,2026-08-14,833,N,VIIRS,l,2.0NRT,301.49,3.47,D,2026-08-14 08:33:00,0.3,88_2026-08-14,0.0,248513.79222852032,476860.3426248379,656604.1423424435,50000.0,50000.0,4,other_unclassified,real,,,,,
30.89121,73.19951,330.74,0.43,0.38,2026-08-14,833,N,VIIRS,l,2.0NRT,301.34,2.93,D,2026-08-14 08:33:00,0.3,83_2026-08-14,5.0,250027.50910058152,477114.30943779385,655022.6477631517,50000.0,50000.0,4,other_unclassified,real,,,,,
30.89181,73.20399,331.33,0.43,0.38,2026-08-14,833,N,VIIRS,l,2.0NRT,301.68,2.93,D,2026-08-14 08:33:00,0.3,84_2026-08-14,5.0,249598.5219629149,476790.7268462863,655025.3991064194,50000.0,50000.0,4,other_unclassified,real,,,,,
30.8953,73.20337,330.8,0.43,0.38,2026-08-14,833,N,VIIRS,l,2.0NRT,301.35,2.93,D,2026-08-14 08:33:00,0.3,85_2026-08-14,5.0,249648.5438882589,477050.4567568733,655417.9508601392,50000.0,50000.0,4,other_unclassified,real,,,,,
30.89589,73.20786,331.09,0.43,0.38,2026-08-14,833,N,VIIRS,l,2.0NRT,301.6,4.5,D,2026-08-14 08:33:00,0.3,86_2026-08-14,5.0,249218.74918224936,476725.844911754,655419.763667811,50000.0,50000.0,4,other_unclassified,real,,,,,
30.89827,73.22582,331.16,0.43,0.38,2026-08-14,833,N,VIIRS,l,2.0NRT,302.47,3.06,D,2026-08-14 08:33:00,0.3,87_2026-08-14,0.0,247499.6980810176,475430.4770401705,655432.2496704662,50000.0,50000.0,4,other_unclassified,real,,,,,
30.65054,73.60814,331.28,0.44,0.38,2026-08-14,833,N,VIIRS,n,2.0NRT,296.58,2.72,D,2026-08-14 08:33:00,0.6,82_2026-08-14,0.0,213401.5780448418,429803.00563111645,623794.7772240062,50000.0,50000.0,0,industrial_fire,real,,,,,
29.34646,73.11682,336.71,0.41,0.37,2026-08-14,833,N,VIIRS,n,2.0NRT,294.38,3.83,D,2026-08-14 08:33:00,0.6,81_2026-08-14,0.0,313339.6019830695,418384.5425050873,487484.9683589747,50000.0,50000.0,4,other_unclassified,real,,,,,
30.91165,73.21886,330.83,0.43,0.38,2026-08-14,835,N,VIIRS,l,2.0NRT,301.25,3.47,D,2026-08-14 08:35:00,0.3,89_2026-08-14,1.0,248136.25398371648,476797.8593079984,657000.3682525593,50000.0,50000.0,4,other_unclassified,real,,,,,
31.03194,73.37009,331.52,0.43,0.38,2026-08-14,835,N,VIIRS,n,2.0NRT,301.15,6.75,D,2026-08-14 08:35:00,0.6,90_2026-08-14,0.0,233892.89687892343,472408.8260705413,668353.0921764512,50000.0,50000.0,4,other_unclassified,real,,,,,
26.87868,73.51321,305.24,0.39,0.36,2026-08-14,2057,N,VIIRS,n,2.0NRT,287.87,0.84,N,2026-08-14 20:57:00,0.6,93_2026-08-14,2.0,411521.1266223436,415199.4274363121,212160.5996546565,50000.0,50000.0,1,persistent_industrial,real,,,,,
26.87478,73.51643,304.98,0.39,0.36,2026-08-14,2057,N,VIIRS,n,2.0NRT,287.95,0.84,N,2026-08-14 20:57:00,0.6,92_2026-08-14,2.0,411419.73911970726,415109.6839678265,211649.712531914,50000.0,50000.0,1,persistent_industrial,real,,,,,
26.60479,73.68352,306.63,0.38,0.36,2026-08-14,2057,N,VIIRS,n,2.0NRT,290.8,1.07,N,2026-08-14 20:57:00,0.6,91_2026-08-14,1.0,405394.4275248516,415236.3053814741,178108.18542957914,50000.0,50000.0,0,industrial_fire,real,,,,,
31.61599,74.3751,304.18,0.38,0.43,2026-08-15,2038,N,VIIRS,n,2.0NRT,278.41,0.57,N,2026-08-15 20:38:00,0.6,94_2026-08-15,0.0,157631.57280303093,446159.7411159543,729068.190763703,50000.0,50000.0,0,industrial_fire,real,,,,,
31.0305,73.36909,330.39,0.42,0.45,2026-08-16,756,N,VIIRS,l,2.0NRT,302.55,6.02,D,2026-08-16 07:56:00,0.3,98_2026-08-16,1.0,233981.3919110353,472393.6118950217,668205.5222965954,50000.0,50000.0,4,other_unclassified,real,,,,,
30.65555,74.16005,336.41,0.39,0.44,2026-08-16,756,N,VIIRS,n,2.0NRT,296.81,3.35,D,2026-08-16 07:56:00,0.6,97_2026-08-16,0.0,161267.10044596,386861.7474516073,621974.4114316329,50000.0,50000.0,4,other_unclassified,real,,,,,
30.42686,73.71638,342.02,0.42,0.45,2026-08-16,756,N,VIIRS,n,2.0NRT,296.02,4.55,D,2026-08-16 07:56:00,0.6,96_2026-08-16,0.0,208519.91014820136,407913.2015631431,598152.814895171,50000.0,50000.0,4,other_unclassified,real,,,,,
30.30352,73.35507,330.83,0.44,0.46,2026-08-16,756,N,VIIRS,n,2.0NRT,297.26,2.95,D,2026-08-16 07:56:00,0.6,95_2026-08-16,0.0,245641.7567199737,431797.29055806185,588214.6532487543,50000.0,50000.0,0,industrial_fire,real,,,,,
30.53718,73.88202,331.82,0.38,0.59,2026-08-17,735,N,VIIRS,n,2.0NRT,293.37,1.99,D,2026-08-17 07:35:00,0.6,100_2026-08-17,0.0,190062.8567231728,400955.9474540579,609433.9092025391,50000.0,50000.0,4,other_unclassified,real,,,,,
29.80713,73.34641,332.94,0.42,0.61,2026-08-17,735,N,VIIRS,n,2.0NRT,293.62,2.66,D,2026-08-17 07:35:00,0.6,99_2026-08-17,0.0,267636.9210972946,410885.5914516093,533732.151903539,50000.0,50000.0,4,other_unclassified,real,,,,,
30.4691,73.88613,341.11,0.33,0.55,2026-08-18,858,N,VIIRS,n,2.0NRT,292.43,2.81,D,2026-08-18 08:58:00,0.6,101_2026-08-18,2.0,191583.74641907748,396508.0715738501,601853.6461872315,50000.0,50000.0,4,other_unclassified,real,,,,,
30.47086,73.88448,334.87,0.33,0.55,2026-08-18,858,N,VIIRS,n,2.0NRT,292.14,2.56,D,2026-08-18 08:58:00,0.6,102_2026-08-18,2.0,191683.3095184777,396746.6115022229,602056.4711630497,50000.0,50000.0,4,other_unclassified,real,,,,,
30.47113,73.88796,330.45,0.33,0.55,2026-08-18,858,N,VIIRS,n,2.0NRT,291.9,3.08,D,2026-08-18 08:58:00,0.6,103_2026-08-18,2.0,191354.01083363945,396481.587181147,602071.0510920594,50000.0,50000.0,4,other_unclassified,real,,,,,
27.5312,77.66014,312.08,0.78,0.78,2026-08-18,1942,N,VIIRS,n,2.0NRT,282.5,2.9,N,2026-08-18 19:42:00,0.6,105_2026-08-18,1.0,7696.8756663075965,113982.69922928384,443791.80636689,50000.0,50000.0,0,industrial_fire,real,,,,,
27.53036,77.65813,311.81,0.78,0.78,2026-08-18,1942,N,VIIRS,n,2.0NRT,282.43,2.76,N,2026-08-18 19:42:00,0.6,104_2026-08-18,1.0,7610.863502548216,114012.11771698434,443577.6537142095,50000.0,50000.0,0,industrial_fire,real,,,,,
26.25886,74.09746,302.57,0.44,0.46,2026-08-18,2125,N,VIIRS,n,2.0NRT,284.31,0.44,N,2026-08-18 21:25:00,0.6,106_2026-08-18,0.0,378036.1647115197,403735.9503916867,133241.86808935323,50000.0,50000.0,3,wildfire,real,,,,,
30.43392,73.87374,338.98,0.53,0.42,2026-08-19,839,N,VIIRS,n,2.0NRT,296.91,7.54,D,2026-08-19 08:39:00,0.6,42_2026-08-19,0.0,193814.23349706933,395427.0592678085,598002.5415618136,50000.0,50000.0,4,other_unclassified,real,,,,,
30.63585,73.59945,336.02,0.51,0.41,2026-08-19,839,N,VIIRS,n,2.0NRT,293.37,2.33,D,2026-08-19 08:39:00,0.6,43_2026-08-19,0.0,214474.01370183224,429622.9901578025,622243.1564314406,50000.0,50000.0,0,industrial_fire,real,,,,,
29.90848,74.94983,333.01,0.39,0.44,2026-08-19,839,N,VIIRS,n,2.0NRT,295.88,3.03,D,2026-08-19 08:39:00,0.6,41_2026-08-19,1.0,140047.1939966382,276817.94461956643,544472.7505133277,50000.0,50000.0,1,persistent_industrial,real,,,,,
31.24975,76.93059,298.28,0.45,0.39,2026-08-19,2101,N,VIIRS,n,2.0NRT,276.07,0.32,N,2026-08-19 21:01:00,0.6,44_2026-08-19,2.0,51193.7864645181,307031.7544025125,739555.572319491,50000.0,50000.0,1,persistent_industrial,real,,,,,
31.25838,76.92349,296.85,0.45,0.39,2026-08-19,2101,N,VIIRS,n,2.0NRT,278.55,0.41,N,2026-08-19 21:01:00,0.6,45_2026-08-19,2.0,50309.29370343156,308066.02559222555,740189.7955509172,50000.0,50000.0,1,persistent_industrial,real,,,,,
26.25635,74.09737,308.4,0.4,0.37,2026-08-19,2104,N,VIIRS,n,2.0NRT,293.69,0.62,N,2026-08-19 21:04:00,0.6,46_2026-08-19,1.0,378146.996084271,403918.6280851156,132963.54110198418,50000.0,50000.0,3,wildfire,real,,,,,
26.87381,73.5167,308.59,0.39,0.36,2026-08-19,2104,N,VIIRS,n,2.0NRT,293.46,2.95,N,2026-08-19 21:04:00,0.6,47_2026-08-19,2.0,411442.12148360215,415134.4517051957,211538.84289698373,50000.0,50000.0,1,persistent_industrial,real,,,,,
26.87778,73.51348,301.9,0.39,0.36,2026-08-19,2104,N,VIIRS,n,2.0NRT,287.87,1.56,N,2026-08-19 21:04:00,0.6,48_2026-08-19,4.0,411540.0221669479,415220.5561630172,212057.14170235637,50000.0,50000.0,1,persistent_industrial,real,,,,,
29.12563,75.77744,307.57,0.43,0.38,2026-08-19,2104,N,VIIRS,n,2.0NRT,292.72,2.07,N,2026-08-19 21:04:00,0.6,49_2026-08-19,3.0,117517.67614974565,164168.0317729354,479298.2500985139,50000.0,50000.0,1,persistent_industrial,real,,,,,
31.14108,73.58968,330.28,0.38,0.36,2026-08-20,820,N,VIIRS,l,2.0NRT,302.73,5.6,D,2026-08-20 08:20:00,0.3,52_2026-08-20,0.0,213922.9387246545,462958.2973447275,678285.8119295165,50000.0,50000.0,4,other_unclassified,real,,,,,
30.40259,73.87827,340.93,0.38,0.36,2026-08-20,820,N,VIIRS,n,2.0NRT,299.56,3.35,D,2026-08-20 08:20:00,0.6,50_2026-08-20,0.0,194429.26296595155,393225.1478132281,594501.8677762332,50000.0,50000.0,4,other_unclassified,real,,,,,
30.43244,73.96255,334.16,0.38,0.36,2026-08-20,820,N,VIIRS,n,2.0NRT,301.78,4.15,D,2026-08-20 08:20:00,0.6,51_2026-08-20,0.0,185722.638165442,388140.2064254704,597487.7219910168,50000.0,50000.0,4,other_unclassified,real,,,,,
28.27534,77.18294,302.62,0.38,0.36,2026-08-20,2044,N,VIIRS,n,2.0NRT,283.37,0.74,N,2026-08-20 20:44:00,0.6,53_2026-08-20,2.0,20451.31486433266,28617.19618135892,466614.7563805203,50000.0,50000.0,3,wildfire,real,,,,,
28.77214,76.70122,310.21,0.39,0.36,2026-08-20,2044,N,VIIRS,n,2.0NRT,289.31,2.28,N,2026-08-20 20:44:00,0.6,54_2026-08-20,2.0,70176.84335878851,66099.41485148075,483257.605646582,50000.0,50000.0,4,other_unclassified,real,,,,,
29.45876,76.86543,316.16,0.39,0.36,2026-08-20,2044,N,VIIRS,n,2.0NRT,292.37,3.34,N,2026-08-20 20:44:00,0.6,55_2026-08-20,0.0,14005.84231271414,114147.82022549468,557101.154335332,50000.0,50000.0,0,industrial_fire,real,,,,,
31.2492,76.92705,304.76,0.4,0.37,2026-08-20,2044,N,VIIRS,n,2.0NRT,288.69,0.66,N,2026-08-20 20:44:00,0.6,57_2026-08-20,3.0,50882.86341359632,307011.6704729807,739371.8777865657,50000.0,50000.0,1,persistent_industrial,real,,,,,
31.25985,76.92484,302.16,0.4,0.37,2026-08-20,2044,N,VIIRS,n,2.0NRT,289.51,0.5,N,2026-08-20 20:44:00,0.6,58_2026-08-20,3.0,50396.68031418494,308212.6411703494,740389.5391175824,50000.0,50000.0,1,persistent_industrial,real,,,,,
29.91072,74.94928,307.57,0.44,0.38,2026-08-20,2044,N,VIIRS,n,2.0NRT,292.31,2.62,N,2026-08-20 20:44:00,0.6,56_2026-08-20,3.0,139878.1398596047,277000.1522876184,544711.4331328942,50000.0,50000.0,1,persistent_industrial,real,,,,,
27.79252,75.33192,306.87,0.41,0.37,2026-08-20,2046,N,VIIRS,n,2.0NRT,292.48,0.81,N,2026-08-20 20:46:00,0.6,59_2026-08-20,0.0,206360.18040402167,209433.70298115865,325194.6720644254,50000.0,50000.0,4,other_unclassified,real,,,,,
28.77367,77.56798,309.15,0.53,0.42,2026-08-21,2025,N,VIIRS,n,2.0NRT,283.53,2.57,N,2026-08-21 20:25:00,0.6,60_2026-08-21,1.0,19635.51151200251,38940.7050471737,533195.2776424934,50000.0,50000.0,4,other_unclassified,real,,,,,
29.45699,76.86504,346.56,0.44,0.46,2026-08-22,741,N,VIIRS,n,2.0NRT,298.27,13.33,D,2026-08-22 07:41:00,0.6,61_2026-08-22,3.0,13879.752200423518,113980.03587162834,556911.0316878035,50000.0,50000.0,1,persistent_industrial,real,,,,,
29.46118,76.86392,339.97,0.44,0.46,2026-08-22,741,N,VIIRS,n,2.0NRT,293.77,13.33,D,2026-08-22 07:41:00,0.6,64_2026-08-22,3.0,14306.255108366824,114452.24461241924,557264.3825990298,50000.0,50000.0,1,persistent_industrial,real,,,,,
29.45792,76.8695,330.42,0.44,0.46,2026-08-22,741,N,VIIRS,n,2.0NRT,294.61,14.92,D,2026-08-22 07:41:00,0.6,62_2026-08-22,2.0,13683.872938613182,113912.56852053272,557212.6177104186,50000.0,50000.0,1,persistent_industrial,real,,,,,
29.46026,76.85947,330.53,0.44,0.46,2026-08-22,741,N,VIIRS,n,2.0NRT,292.28,13.33,D,2026-08-22 07:41:00,0.6,63_2026-08-22,2.0,14507.437879788386,114521.77604950368,556964.6407112578,50000.0,50000.0,1,persistent_industrial,real,,,,,
31.57732,73.91469,334.27,0.58,0.52,2026-08-22,744,N,VIIRS,n,2.0NRT,294.19,6.0,D,2026-08-22 07:44:00,0.6,65_2026-08-22,0.0,195312.3068641022,472342.18646162073,724874.0635434348,50000.0,50000.0,4,other_unclassified,real,,,,,
28.34062,77.22081,299.75,0.35,0.57,2026-08-22,2008,N,VIIRS,n,2.0NRT,275.94,0.35,N,2026-08-22 20:08:00,0.6,66_2026-08-22,0.0,12549.786557459083,20471.86440292084,474538.32142700494,50000.0,50000.0,3,wildfire,real,,,,,
28.66381,77.57708,314.6,0.33,0.56,2026-08-22,2008,N,VIIRS,n,2.0NRT,288.43,1.14,N,2026-08-22 20:08:00,0.6,67_2026-08-22,2.0,16107.906133471122,31471.22755037476,524488.78978983,50000.0,50000.0,1,persistent_industrial,real,,,,,
26.25974,74.09682,301.85,0.53,0.67,2026-08-22,2148,N,VIIRS,n,2.0NRT,288.7,0.87,N,2026-08-22 21:48:00,0.6,68_2026-08-22,2.0,378059.652482125,403723.9821447341,133342.73028111705,50000.0,50000.0,3,wildfire,real,,,,,
29.45837,76.8635,335.25,0.41,0.61,2026-08-23,724,N,VIIRS,n,2.0NRT,289.51,4.4,D,2026-08-23 07:24:00,0.6,69_2026-08-23,5.0,14093.269702020203,114178.64026577878,556971.9337419518,50000.0,50000.0,1,persistent_industrial,real,,,,,
30.39994,73.71344,344.3,0.4,0.6,2026-08-23,905,N,VIIRS,n,2.0NRT,293.14,4.05,D,2026-08-23 09:05:00,0.6,70_2026-08-23,0.0,209624.07682421088,406639.2510787034,595189.3199148662,50000.0,50000.0,4,other_unclassified,real,,,,,
29.45934,76.86684,311.09,0.72,0.76,2026-08-23,1947,N,VIIRS,n,2.0NRT,280.2,3.52,N,2026-08-23 19:47:00,0.6,72_2026-08-23,6.0,13968.694723195316,114155.8857400312,557224.1964483351,50000.0,50000.0,1,persistent_industrial,real,,,,,
29.45605,76.86481,326.44,0.73,0.76,2026-08-23,1947,N,VIIRS,n,2.0NRT,279.86,4.86,N,2026-08-23 19:47:00,0.6,71_2026-08-23,6.0,13814.951755439704,113891.815558356,556808.981139375,50000.0,50000.0,1,persistent_industrial,real,,,,,
29.45968,76.85906,307.01,0.73,0.76,2026-08-23,1947,N,VIIRS,n,2.0NRT,279.1,2.79,N,2026-08-23 19:47:00,0.6,73_2026-08-23,4.0,14485.19161068294,114477.40139372644,556888.9761611407,50000.0,50000.0,1,persistent_industrial,real,,,,,
31.26044,76.92447,303.03,0.63,0.54,2026-08-23,2127,N,VIIRS,n,2.0NRT,289.55,1.21,N,2026-08-23 21:27:00,0.6,80_2026-08-23,5.0,50347.52993157241,308282.03493843065,740437.0734552791,50000.0,50000.0,1,persistent_industrial,real,,,,,
27.66743,76.13509,303.8,0.34,0.56,2026-08-23,2127,N,VIIRS,n,2.0NRT,288.75,0.76,N,2026-08-23 21:27:00,0.6,74_2026-08-23,4.0,142628.043924132,148238.766788214,350089.1962940509,50000.0,50000.0,1,persistent_industrial,real,,,,,
29.35946,76.95735,305.21,0.35,0.57,2026-08-23,2127,N,VIIRS,n,2.0NRT,288.28,0.77,N,2026-08-23 21:27:00,0.6,75_2026-08-23,0.0,289.3746392668285,100639.52934766488,551989.1237106802,50000.0,50000.0,0,industrial_fire,real,,,,,
29.45706,76.87043,345.96,0.34,0.56,2026-08-23,2127,N,VIIRS,n,2.0NRT,287.56,3.77,N,2026-08-23 21:27:00,0.6,76_2026-08-23,6.0,13552.92755923674,113790.1042663125,557173.3735936371,50000.0,50000.0,1,persistent_industrial,real,,,,,
29.45788,76.86697,309.22,0.34,0.56,2026-08-23,2127,N,VIIRS,n,2.0NRT,287.34,2.77,N,2026-08-23 21:27:00,0.6,77_2026-08-23,8.0,13835.29314728932,114000.8195064505,557088.7873104487,50000.0,50000.0,1,persistent_industrial,real,,,,,
29.45798,76.88937,307.07,0.34,0.56,2026-08-23,2127,N,VIIRS,n,2.0NRT,286.24,1.17,N,2026-08-23 21:27:00,0.6,78_2026-08-23,1.0,12573.618307255514,113209.32763622982,558163.4919241932,50000.0,50000.0,0,industrial_fire,real,,,,,
31.25972,76.92417,303.56,0.63,0.54,2026-08-23,2127,N,VIIRS,n,2.0NRT,289.44,1.06,N,2026-08-23 21:27:00,0.6,79_2026-08-23,5.0,50337.96684291577,308206.03895662614,740352.1681168553,50000.0,50000.0,1,persistent_industrial,real,,,,,
31.99853,78.5369,333.62,0.54,0.68,2026-08-24,705,N,VIIRS,n,2.0NRT,298.58,4.85,D,2026-08-24 07:05:00,0.6,0_2026-08-24,0.0,213516.48064292004,405670.0436450051,881553.9130145542,50000.0,50000.0,4,other_unclassified,real,,,,,
30.4505,74.18115,332.79,0.44,0.46,2026-08-24,845,N,VIIRS,n,2.0NRT,297.29,4.16,D,2026-08-24 08:45:00,0.6,1_2026-08-24,0.0,165181.03008032864,371812.1798675726,599176.8213362878,50000.0,50000.0,4,other_unclassified,real,,,,,
30.63301,73.60488,331.62,0.41,0.45,2026-08-24,845,N,VIIRS,n,2.0NRT,298.88,1.26,D,2026-08-24 08:45:00,0.6,2_2026-08-24,0.0,214010.90637282337,429015.1521098288,621881.4984304475,50000.0,50000.0,0,industrial_fire,real,,,,,
30.89104,73.20267,332.43,0.39,0.44,2026-08-24,845,N,VIIRS,l,2.0NRT,306.76,9.8,D,2026-08-24 08:45:00,0.3,3_2026-08-24,6.0,249726.53363276736,476850.38824127294,654959.3188460385,50000.0,50000.0,4,other_unclassified,real,,,,,
31.08036,74.34518,332.85,0.46,0.47,2026-08-24,845,N,VIIRS,n,2.0NRT,297.56,2.38,D,2026-08-24 08:45:00,0.6,4_2026-08-24,0.0,141694.0649476025,404380.46898365166,669451.9832369185,50000.0,50000.0,4,other_unclassified,real,,,,,
31.25866,76.92591,304.88,0.52,0.42,2026-08-24,2110,N,VIIRS,n,2.0NRT,290.63,1.06,N,2026-08-24 21:10:00,0.6,8_2026-08-24,6.0,50525.95174964368,308068.95263288467,740305.271865322,50000.0,50000.0,1,persistent_industrial,real,,,,,
26.25756,74.09525,308.52,0.46,0.39,2026-08-24,2110,N,VIIRS,n,2.0NRT,293.4,1.39,N,2026-08-24 21:10:00,0.6,5_2026-08-24,3.0,378294.2175871933,403998.19031103305,133108.4358489043,50000.0,50000.0,3,wildfire,real,,,,,
26.87662,73.51538,307.36,0.43,0.38,2026-08-24,2110,N,VIIRS,n,2.0NRT,294.83,1.23,N,2026-08-24 21:10:00,0.6,6_2026-08-24,4.0,411425.497562904,415110.39950066514,211876.41721977343,50000.0,50000.0,1,persistent_industrial,real,,,,,
29.45879,76.8923,303.48,0.55,0.43,2026-08-24,2110,N,VIIRS,n,2.0NRT,287.77,2.12,N,2026-08-24 21:10:00,0.6,7_2026-08-24,2.0,12503.327735129798,113191.19838318165,558381.6592193691,50000.0,50000.0,1,persistent_industrial,real,,,,,
30.38699,73.90166,331.03,0.4,0.37,2026-08-25,826,N,VIIRS,l,2.0NRT,303.76,3.83,D,2026-08-25 08:26:00,0.3,11_2026-08-25,0.0,192833.5639973017,390405.8782141552,592665.3759128272,50000.0,50000.0,4,other_unclassified,real,,,,,
30.6344,73.05245,336.05,0.39,0.36,2026-08-25,826,N,VIIRS,n,2.0NRT,303.52,4.64,D,2026-08-25 08:26:00,0.6,14_2026-08-25,0.0,266290.01427298924,474583.4568340788,629138.3205237526,50000.0,50000.0,0,industrial_fire,real,,,,,
30.35581,73.60623,330.28,0.4,0.37,2026-08-25,826,N,VIIRS,l,2.0NRT,301.9,2.79,D,2026-08-25 08:26:00,0.3,10_2026-08-25,0.0,220888.19388708813,413161.7556537227,591178.6538223788,50000.0,50000.0,4,other_unclassified,real,,,,,
30.41115,73.77779,332.39,0.4,0.37,2026-08-25,826,N,VIIRS,n,2.0NRT,303.01,1.7,D,2026-08-25 08:26:00,0.6,12_2026-08-25,0.0,203354.00358855937,401959.7749077956,595997.49139477,50000.0,50000.0,4,other_unclassified,real,,,,,
30.55025,73.47831,339.44,0.39,0.36,2026-08-25,826,N,VIIRS,n,2.0NRT,308.94,4.79,D,2026-08-25 08:26:00,0.6,13_2026-08-25,0.0,227550.53889472975,434532.5418318915,613954.0100554163,50000.0,50000.0,4,other_unclassified,real,,,,,
30.15438,73.2097,330.18,0.39,0.36,2026-08-25,826,N,VIIRS,l,2.0NRT,305.01,1.61,D,2026-08-25 08:26:00,0.3,9_2026-08-25,0.0,264083.2324383846,437396.6600088448,573959.6367092705,50000.0,50000.0,4,other_unclassified,real,,,,,
31.61505,74.37461,312.1,0.42,0.38,2026-08-25,2051,N,VIIRS,n,2.0NRT,297.17,0.89,N,2026-08-25 20:51:00,0.6,15_2026-08-25,1.0,157621.4688684711,446109.4797284946,728962.3453878243,50000.0,50000.0,0,industrial_fire,real,,,,,
30.37163,73.89048,336.49,0.44,0.38,2026-08-26,807,N,VIIRS,n,2.0NRT,302.65,4.25,D,2026-08-26 08:07:00,0.6,16_2026-08-26,1.0,194394.316998398,390432.9965830358,591007.7867176943,50000.0,50000.0,4,other_unclassified,real,,,,,
31.608,74.33546,330.73,0.41,0.37,2026-08-26,807,N,VIIRS,l,2.0NRT,304.78,3.2,D,2026-08-26 08:07:00,0.3,18_2026-08-26,0.0,160504.21260103013,447904.9042001436,728079.542617586,50000.0,50000.0,0,industrial_fire,real,,,,,
30.37266,73.89281,332.4,0.44,0.38,2026-08-26,807,N,VIIRS,l,2.0NRT,302.55,4.26,D,2026-08-26 08:07:00,0.3,17_2026-08-26,1.0,194145.82827747797,390301.207588304,591111.8822481653,50000.0,50000.0,4,other_unclassified,real,,,,,
29.92137,74.95252,298.99,0.42,0.45,2026-08-26,2032,N,VIIRS,n,2.0NRT,282.32,0.96,N,2026-08-26 20:32:00,0.6,19_2026-08-26,0.0,138740.6305812449,277399.6081583305,545928.5457470883,50000.0,50000.0,0,industrial_fire,real,,,,,
30.69802,74.17593,330.82,0.48,0.48,2026-08-27,750,N,VIIRS,l,2.0NRT,300.88,3.07,D,2026-08-27 07:50:00,0.3,21_2026-08-27,0.0,158940.3533083104,388546.0535100798,626698.3238591416,50000.0,50000.0,4,other_unclassified,real,,,,,
30.60386,74.03584,337.14,0.49,0.48,2026-08-27,750,N,VIIRS,n,2.0NRT,298.61,3.14,D,2026-08-27 07:50:00,0.6,20_2026-08-27,0.0,174060.57991636294,393009.7150594971,616351.3936969448,50000.0,50000.0,4,other_unclassified,real,,,,,
29.457,76.86609,334.4,0.61,0.53,2026-08-27,2014,N,VIIRS,n,2.0NRT,289.84,7.66,N,2026-08-27 20:14:00,0.6,22_2026-08-27,9.0,13814.834510404851,113942.49760402368,556961.7544407313,50000.0,50000.0,1,persistent_industrial,real,,,,,
29.90909,74.95557,306.55,0.4,0.6,2026-08-27,2014,N,VIIRS,n,2.0NRT,292.96,2.25,N,2026-08-27 20:14:00,0.6,23_2026-08-27,3.0,139665.2075871954,276395.2341801251,544620.8620434275,50000.0,50000.0,1,persistent_industrial,real,,,,,
29.90971,74.94712,350.51,0.4,0.6,2026-08-27,2014,N,VIIRS,n,2.0NRT,294.75,13.61,N,2026-08-27 20:14:00,0.6,25_2026-08-27,8.0,140092.1660246344,277111.1698483438,544570.0157215429,50000.0,50000.0,1,persistent_industrial,real,,,,,
29.91002,74.94289,346.19,0.4,0.6,2026-08-27,2014,N,VIIRS,n,2.0NRT,292.71,12.52,N,2026-08-27 20:14:00,0.6,26_2026-08-27,6.0,140307.21054426918,277469.7584125024,544545.0028249531,50000.0,50000.0,1,persistent_industrial,real,,,,,
29.91033,74.93867,305.44,0.4,0.6,2026-08-27,2014,N,VIIRS,n,2.0NRT,292.26,12.52,N,2026-08-27 20:14:00,0.6,27_2026-08-27,3.0,140522.52698399217,277827.68963135174,544520.4493426402,50000.0,50000.0,1,persistent_industrial,real,,,,,
29.91498,74.95193,306.17,0.4,0.6,2026-08-27,2014,N,VIIRS,n,2.0NRT,293.0,1.59,N,2026-08-27 20:14:00,0.6,28_2026-08-27,6.0,139345.36279756972,277050.8950454153,545217.3252233785,50000.0,50000.0,1,persistent_industrial,real,,,,,
29.91529,74.9477,308.09,0.4,0.6,2026-08-27,2014,N,VIIRS,n,2.0NRT,292.96,1.59,N,2026-08-27 20:14:00,0.6,29_2026-08-27,7.0,139560.3502108955,277408.92713440134,545192.0191230251,50000.0,50000.0,1,persistent_industrial,real,,,,,
29.9094,74.95135,321.57,0.4,0.6,2026-08-27,2014,N,VIIRS,n,2.0NRT,293.15,13.61,N,2026-08-27 20:14:00,0.6,24_2026-08-27,6.0,139877.9740290893,276752.7277088299,544595.3493525181,50000.0,50000.0,1,persistent_industrial,real,,,,,
29.91466,74.95614,306.96,0.6,0.7,2026-08-27,2155,N,VIIRS,n,2.0NRT,293.04,15.44,N,2026-08-27 21:55:00,0.6,38_2026-08-27,8.0,139133.27024620224,276693.99257532594,545241.5686151414,50000.0,50000.0,1,persistent_industrial,real,,,,,
29.90638,74.95924,319.9,0.6,0.7,2026-08-27,2155,N,VIIRS,n,2.0NRT,292.24,19.52,N,2026-08-27 21:55:00,0.6,31_2026-08-27,4.0,139700.3119296958,275933.719156812,544374.9229668933,50000.0,50000.0,1,persistent_industrial,real,,,,,
29.90671,74.9599,317.64,0.6,0.7,2026-08-27,2155,N,VIIRS,n,2.0NRT,292.12,15.44,N,2026-08-27 21:55:00,0.6,32_2026-08-27,3.0,139633.23610299436,275901.18398136995,544420.6134778297,50000.0,50000.0,1,persistent_industrial,real,,,,,
29.90808,74.95317,367.0,0.6,0.7,2026-08-27,2155,N,VIIRS,h,2.0NRT,294.32,14.38,N,2026-08-27 21:55:00,0.9,33_2026-08-27,10.0,139892.4832883045,276525.3523386066,544475.8260142809,50000.0,50000.0,1,persistent_industrial,real,,,,,
29.90838,74.95381,367.0,0.6,0.7,2026-08-27,2155,N,VIIRS,h,2.0NRT,294.14,15.44,N,2026-08-27 21:55:00,0.9,34_2026-08-27,10.0,139829.11554762826,276492.5278964958,544517.866924988,50000.0,50000.0,1,persistent_industrial,real,,,,,
29.90978,74.9471,319.17,0.6,0.7,2026-08-27,2155,N,VIIRS,n,2.0NRT,292.2,14.38,N,2026-08-27 21:55:00,0.6,35_2026-08-27,13.0,140087.05255768338,277117.0870423049,544577.4363963263,50000.0,50000.0,1,persistent_industrial,real,,,,,
29.91005,74.94773,319.45,0.6,0.7,2026-08-27,2155,N,VIIRS,n,2.0NRT,292.36,28.69,N,2026-08-27 21:55:00,0.6,36_2026-08-27,15.0,140026.8180918231,277083.17629502487,544615.9712218955,50000.0,50000.0,1,persistent_industrial,real,,,,,
29.91436,74.95547,310.32,0.6,0.7,2026-08-27,2155,N,VIIRS,n,2.0NRT,292.87,14.38,N,2026-08-27 21:55:00,0.6,37_2026-08-27,12.0,139198.3992950104,276729.0563959863,545199.09046043,50000.0,50000.0,1,persistent_industrial,real,,,,,
29.91607,74.94938,305.84,0.6,0.7,2026-08-27,2155,N,VIIRS,n,2.0NRT,292.75,14.38,N,2026-08-27 21:55:00,0.6,39_2026-08-27,10.0,139394.19900036472,277322.55143393145,545301.3832870248,50000.0,50000.0,1,persistent_industrial,real,,,,,
29.47338,76.864,304.0,0.78,0.78,2026-08-27,2155,N,VIIRS,n,2.0NRT,286.48,2.54,N,2026-08-27 21:55:00,0.6,30_2026-08-27,2.0,15371.39026548542,115705.77525198393,558452.0139116806,50000.0,50000.0,1,persistent_industrial,real,,,,,
30.47519,76.58662,304.01,0.38,0.59,2026-08-28,2133,N,VIIRS,n,2.0NRT,288.36,0.86,N,2026-08-28 21:33:00,0.6,40_2026-08-28,0.0,88425.46225087419,229612.257525229,647407.6741922321,50000.0,50000.0,0,industrial_fire,real,,,,,
34.876184676609455,86.67208848233928,338.1562060348401,0.5,0.5,2026-07-20,2001,N,VIIRS,n,2.0NRT,297.52,17.13,D,2026-07-20 20:00:00,0.8440564716391215,SYNTH_0_00000,1.0,0.0,104.6730739706523,3191.760604750928,17470.059261251343,14865.59073996569,0,industrial_fire,synthetic,,,,,
30.57312141513909,73.64452252770705,337.3515459277667,0.5,0.5,2026-07-20,801,N,VIIRS,n,2.0NRT,299.69,18.27,D,2026-07-20 08:00:00,0.6541117399171001,SYNTH_0_00001,1.0,255.4140361568727,292.51111335206207,2722.7064546821093,14552.56364476847,24780.33070939224,0,industrial_fire,synthetic,,,,,
14.58037112247564,87.4246058457928,353.6662708560172,0.5,0.5,2026-07-20,1101,N,VIIRS,n,2.0NRT,314.95,17.56,D,2026-07-20 11:00:00,0.964164760087046,SYNTH_0_00002,1.0,101.23019803384614,223.1635906392694,1779.3409076281837,24927.835380603967,24031.77834176713,0,industrial_fire,synthetic,,,,,
27.28067484116893,88.44979598016371,335.4116439182135,0.5,0.5,2026-07-20,1101,N,VIIRS,n,2.0NRT,302.01,18.8,D,2026-07-20 11:00:00,0.7616685809140729,SYNTH_0_00003,1.0,176.24263160748154,430.71431669222846,3335.3933231620235,25431.30850457516,15540.632555911132,0,industrial_fire,synthetic,,,,,
16.814552843815754,68.89371720247024,335.0182410366771,0.5,0.5,2026-07-20,1301,N,VIIRS,n,2.0NRT,302.33,11.71,N,2026-07-20 13:00:00,0.8994941311234396,SYNTH_0_00004,0.0,46.100266116810815,445.2417531887221,475.6953425762927,17320.9197601138,16302.024520840045,0,industrial_fire,synthetic,,,,,
27.26509266949424,79.78521898176204,344.983876187787,0.5,0.5,2026-07-20,1301,N,VIIRS,n,2.0NRT,307.7,21.01,D,2026-07-20 13:00:00,0.6366712785996519,SYNTH_0_00005,0.0,39.66572567980664,374.57411160806464,3213.638604105848,25523.882832542145,11581.978829307724,0,industrial_fire,synthetic,,,,,
16.74385058528842,86.27819520044777,322.20332783020984,0.5,0.5,2026-07-20,1101,N,VIIRS,n,2.0NRT,295.64,4.01,N,2026-07-20 11:00:00,0.630416035441096,SYNTH_2_00000,0.0,29869.72480785582,16244.78127837821,80374.82356183062,188.45973271247271,18572.249408239557,2,agricultural_burn,synthetic,,,,,
15.895005293509612,70.79533790245148,317.4348346204972,0.5,0.5,2026-07-20,901,N,VIIRS,n,2.0NRT,284.13,1.66,N,2026-07-20 09:00:00,0.7899774226723437,SYNTH_2_00001,0.0,15945.209446399393,16974.699567684882,118976.84893358196,121.49888231508592,20900.12454773669,2,agricultural_burn,synthetic,,,,,
26.84555144508978,70.44888531305678,315.8963781747816,0.5,0.5,2026-07-20,701,N,VIIRS,n,2.0NRT,280.0,8.52,N,2026-07-20 07:00:00,0.7737735602332277,SYNTH_2_00002,1.0,19058.50044303205,8431.537164892363,82163.88523141609,107.6405832748958,16861.40969083763,2,agricultural_burn,synthetic,,,,,
25.136549252961085,68.66131225986123,343.95596852748673,0.5,0.5,2026-07-20,1401,N,VIIRS,n,2.0NRT,316.31,6.66,N,2026-07-20 14:00:00,0.785687105914951,SYNTH_2_00003,1.0,39633.028912195616,10489.895565417191,60807.45401750757,75.873924687558,11881.521574753857,2,agricultural_burn,synthetic,,,,,
20.728432348846358,68.62675031652958,344.08990115393823,0.5,0.5,2026-07-20,2201,N,VIIRS,n,2.0NRT,303.76,2.95,D,2026-07-20 22:00:00,0.9496730891691788,SYNTH_2_00004,1.0,54138.6246600733,23315.27546620797,50313.85639904408,0.0,17141.691698750685,2,agricultural_burn,synthetic,,,,,
14.676205735951545,69.08496412910921,329.47386967732126,0.5,0.5,2026-07-20,1201,N,VIIRS,n,2.0NRT,298.1,6.47,D,2026-07-20 12:00:00,0.5825317055295642,SYNTH_2_00005,0.0,20136.920909266693,19569.73959345344,133037.8974073965,160.42196171783087,22861.916088184465,2,agricultural_burn,synthetic,,,,,
20.6178147400881,96.77889135761929,326.00293958861056,0.5,0.5,2026-07-20,401,N,VIIRS,n,2.0NRT,290.14,12.39,D,2026-07-20 04:00:00,0.6597072821912974,SYNTH_2_00006,1.0,34315.73012874244,23079.607728846902,75300.86307025728,146.73899790916528,9761.698436564877,2,agricultural_burn,synthetic,,,,,
15.611354961763077,95.1675813654796,330.0792040037717,0.5,0.5,2026-07-20,101,N,VIIRS,n,2.0NRT,301.92,10.74,D,2026-07-20 01:00:00,0.7785826139602543,SYNTH_2_00007,0.0,38060.01741706824,21755.06001091085,67672.18307498789,238.5030968047911,18430.051507692908,2,agricultural_burn,synthetic,,,,,
8.404152343537845,74.6600248699668,356.1329245345088,0.5,0.5,2026-07-20,1101,N,VIIRS,n,2.0NRT,320.68,10.95,N,2026-07-20 11:00:00,0.7116812678864012,SYNTH_2_00008,0.0,39614.44292242202,11143.634543652097,53158.18943132521,201.4661435751236,11843.159017123284,2,agricultural_burn,synthetic,,,,,
11.588860305859994,94.89931397918872,312.5791528333321,0.5,0.5,2026-07-20,301,N,VIIRS,n,2.0NRT,280.0,7.93,N,2026-07-20 03:00:00,0.6656769729707128,SYNTH_2_00009,0.0,12811.86939576372,12974.781064569994,69976.29677897564,223.27220338848105,4388.858258083488,2,agricultural_burn,synthetic,,,,,
20.15431526017281,96.02072545215228,356.41422305640833,0.5,0.5,2026-07-20,2001,N,VIIRS,n,2.0NRT,312.03,5.02,D,2026-07-20 20:00:00,0.8837398107442744,SYNTH_2_00010,1.0,23454.943207501,14432.459106634376,73284.23549358502,169.39974330169773,16412.58686762969,2,agricultural_burn,synthetic,,,,,
25.57445880030032,93.16442965950432,342.60520980296087,0.5,0.5,2026-07-20,301,N,VIIRS,n,2.0NRT,296.55,3.44,D,2026-07-20 03:00:00,0.6909292986036514,SYNTH_2_00011,0.0,28156.050035903405,29646.828967105863,58127.48486769175,97.66828479457628,0.0,2,agricultural_burn,synthetic,,,,,
25.2385762489371,72.23902408158825,333.123488222028,0.5,0.5,2026-07-20,2301,N,VIIRS,n,2.0NRT,289.48,4.41,D,2026-07-20 23:00:00,0.5742271608643369,SYNTH_2_00012,0.0,10329.547546090094,37033.976896226384,41377.322561779074,62.25715372362883,29695.308226570512,2,agricultural_burn,synthetic,,,,,
9.548076046188086,85.14317066721816,337.1235790890992,0.5,0.5,2026-07-20,101,N,VIIRS,n,2.0NRT,297.06,3.04,N,2026-07-20 01:00:00,0.7934766074466618,SYNTH_2_00013,1.0,21238.43928769901,18929.41628387167,38753.125748900544,130.9461004820268,12868.90007992836,2,agricultural_burn,synthetic,,,,,
18.834810015327577,83.18883551281148,333.6579426400829,0.5,0.5,2026-07-20,2201,N,VIIRS,n,2.0NRT,304.22,6.47,N,2026-07-20 22:00:00,0.7500084393091414,SYNTH_2_00014,1.0,17784.419664571527,22531.954093386463,77081.40204759531,317.4534647144476,27586.83921980194,2,agricultural_burn,synthetic,,,,,
30.590894282765746,71.90201404398127,336.8901131089656,0.5,0.5,2026-07-20,101,N,VIIRS,n,2.0NRT,303.15,9.57,D,2026-07-20 01:00:00,0.5755414013025807,SYNTH_2_00015,1.0,34274.384815581805,23635.362705714902,46687.07946756566,112.27801540400408,17109.737634852157,2,agricultural_burn,synthetic,,,,,
18.625381044961173,77.49737136796382,352.3533782708558,0.5,0.5,2026-07-20,1401,N,VIIRS,n,2.0NRT,317.66,6.46,N,2026-07-20 14:00:00,0.7263149735490315,SYNTH_2_00016,0.0,26765.12421372447,22367.9519174968,68842.5625603613,9.4622574017134,17623.963869712876,2,agricultural_burn,synthetic,,,,,
23.448946005906464,86.354611248761,327.5028808834986,0.5,0.5,2026-07-20,801,N,VIIRS,n,2.0NRT,295.99,2.84,D,2026-07-20 08:00:00,0.8082655241987707,SYNTH_2_00017,2.0,42323.116054099446,29419.29511182155,93172.60036788728,289.51476209342337,18511.94526990639,2,agricultural_burn,synthetic,,,,,
31.225641106467805,85.21677812952427,324.0476690544885,0.5,0.5,2026-07-20,1701,N,VIIRS,n,2.0NRT,285.86,8.97,D,2026-07-20 17:00:00,0.7309348942494841,SYNTH_2_00018,1.0,36712.4709346732,26006.95190985008,134619.38472940406,208.4619752910916,2423.6779547740757,2,agricultural_burn,synthetic,,,,,
30.15377831019105,91.17809677884992,330.921048408256,0.5,0.5,2026-07-20,2301,N,VIIRS,n,2.0NRT,287.84,3.9,D,2026-07-20 23:00:00,0.6283439850618873,SYNTH_2_00019,1.0,18288.597226034188,22496.07577240995,114659.36108320089,198.7009177779552,0.0,2,agricultural_burn,synthetic,,,,,
30.11343226504892,75.84551328639509,323.5932736763031,0.5,0.5,2026-07-20,1701,N,VIIRS,n,2.0NRT,292.91,0.05,D,2026-07-20 17:00:00,0.5918405600546057,SYNTH_2_00020,1.0,39759.49048053509,22946.852901605267,105397.51957530213,104.32450707825645,21510.109519729685,2,agricultural_burn,synthetic,,,,,
21.90171735961167,78.91442473094396,339.81480295218495,0.5,0.5,2026-07-20,2101,N,VIIRS,n,2.0NRT,298.17,5.56,D,2026-07-20 21:00:00,0.8499824246910295,SYNTH_2_00021,1.0,14414.639180215909,18999.92775744338,124443.6664297692,90.51294169499486,8421.999861677437,2,agricultural_burn,synthetic,,,,,
16.565411734978607,81.29789437215798,341.1293185498729,0.5,0.5,2026-07-20,201,N,VIIRS,n,2.0NRT,310.1,8.57,D,2026-07-20 02:00:00,0.9827653100346084,SYNTH_2_00022,1.0,22948.38311133956,3971.821663467888,128127.63084551424,113.38404552345396,15863.043554744265,2,agricultural_burn,synthetic,,,,,
27.30485734708957,86.85362545120512,345.0906654268793,0.5,0.5,2026-07-20,1901,N,VIIRS,n,2.0NRT,306.29,7.32,D,2026-07-20 19:00:00,0.6087234116107634,SYNTH_2_00023,1.0,1898.965633673561,20434.828683123054,65846.71899084993,186.75086173732893,20615.62900977016,2,agricultural_burn,synthetic,,,,,
25.571830151784106,91.24297251492304,333.9490730127859,0.5,0.5,2026-07-20,1,N,VIIRS,n,2.0NRT,306.36,6.69,N,2026-07-20 00:00:00,0.7320388586168541,SYNTH_2_00024,0.0,26967.76096656957,26564.227803339352,68187.76483326283,191.693380458569,12873.289664676968,2,agricultural_burn,synthetic,,,,,
32.68280189309611,72.50117678079164,319.45731743717494,0.5,0.5,2026-07-20,101,N,VIIRS,n,2.0NRT,291.86,0.05,D,2026-07-20 01:00:00,0.7215115933617425,SYNTH_2_00025,1.0,26977.900819418523,28713.73997368634,119830.58396803075,144.46896522190883,25828.68711655518,2,agricultural_burn,synthetic,,,,,
10.659909168901743,73.32246363752925,325.35123794355155,0.5,0.5,2026-07-20,1101,N,VIIRS,n,2.0NRT,295.7,3.34,N,2026-07-20 11:00:00,0.9220769831165984,SYNTH_2_00026,1.0,11178.1848462296,23142.619746079352,48783.68182527397,187.97576707705616,13951.306794498189,2,agricultural_burn,synthetic,,,,,
35.27723788117004,72.30473070768168,339.4743123489833,0.5,0.5,2026-07-20,401,N,VIIRS,n,2.0NRT,305.13,4.04,D,2026-07-20 04:00:00,0.7828662002282482,SYNTH_2_00027,0.0,28619.218539288435,30565.293244225337,69716.41547406862,31.851374652341462,23537.779332575865,2,agricultural_burn,synthetic,,,,,
14.311227274211898,85.06088120386124,352.823079435052,0.5,0.5,2026-07-20,2301,N,VIIRS,n,2.0NRT,323.41,7.05,N,2026-07-20 23:00:00,0.7569381135132779,SYNTH_2_00028,3.0,26601.905933170758,28609.921259731083,54630.169016979584,176.64562980946042,14793.09721636915,2,agricultural_burn,synthetic,,,,,
30.835534437592663,83.9251871243907,325.770308869288,0.5,0.5,2026-07-20,901,N,VIIRS,n,2.0NRT,296.48,4.62,N,2026-07-20 09:00:00,0.8605993369907299,SYNTH_2_00029,2.0,15379.088836583727,22781.66761960765,67787.65290949025,127.2508929567924,16482.605195323056,2,agricultural_burn,synthetic,,,,,
22.33010774900528,71.35984500572279,369.4979261815672,0.5,0.5,2026-07-20,501,N,VIIRS,n,2.0NRT,331.17,6.02,D,2026-07-20 05:00:00,0.8933214506606173,SYNTH_2_00030,1.0,25915.20178173208,24646.21676263837,78296.50416821925,136.36739350686364,8764.140826196643,2,agricultural_burn,synthetic,,,,,
18.795585622554896,72.45477407275841,335.80259883357604,0.5,0.5,2026-07-20,2001,N,VIIRS,n,2.0NRT,304.4,9.26,D,2026-07-20 20:00:00,0.7953965579308696,SYNTH_2_00031,0.0,21913.269444535872,27484.377003721194,25057.81747354629,123.1514105505083,0.0,2,agricultural_burn,synthetic,,,,,
14.062672099465004,83.22756078605057,318.34163009054,0.5,0.5,2026-07-20,2201,N,VIIRS,n,2.0NRT,280.0,1.49,N,2026-07-20 22:00:00,0.9920415012247402,SYNTH_2_00032,0.0,29348.842714636477,15523.421711604084,93952.4062850092,25.12333176044457,12621.413098418916,2,agricultural_burn,synthetic,,,,,
29.90457501104759,80.5795917923552,353.5935901083496,0.5,0.5,2026-07-20,1,N,VIIRS,n,2.0NRT,310.77,3.93,N,2026-07-20 00:00:00,0.6529850480348587,SYNTH_2_00033,2.0,16123.043442854403,30686.274690561862,74259.68039914819,262.30571136532456,11459.71430486253,2,agricultural_burn,synthetic,,,,,
32.46406315811369,86.49007231387532,322.8138668727512,0.5,0.5,2026-07-20,1,N,VIIRS,n,2.0NRT,288.71,4.91,N,2026-07-20 00:00:00,0.7952333950643139,SYNTH_2_00034,0.0,9342.409278194857,25099.76722120897,63836.860471467706,241.82501285868508,0.0,2,agricultural_burn,synthetic,,,,,
22.638953004201444,94.37701507226916,329.3223620982131,0.5,0.5,2026-07-20,501,N,VIIRS,n,2.0NRT,298.09,5.24,D,2026-07-20 05:00:00,0.6491463958056892,SYNTH_2_00035,1.0,32068.496408990508,25301.32776308387,91551.13812968304,194.52267542010105,17371.344006469277,2,agricultural_burn,synthetic,,,,,
20.998012519449272,76.91851710020279,312.82936370292475,0.5,0.5,2026-07-20,601,N,VIIRS,n,2.0NRT,285.07,2.9,D,2026-07-20 06:00:00,0.7429319618347928,SYNTH_2_00036,0.0,28342.951284977145,20409.13646841729,57033.94167710861,222.0147651215971,20915.30137840758,2,agricultural_burn,synthetic,,,,,
35.93312548293201,90.67814995140714,332.7793348928657,0.5,0.5,2026-07-20,2201,N,VIIRS,n,2.0NRT,303.14,5.8,D,2026-07-20 22:00:00,0.7689843392837443,SYNTH_2_00037,0.0,10451.77514742211,30689.48880009737,117438.49955178297,129.79861325576283,17907.634702712585,2,agricultural_burn,synthetic,,,,,
11.59222347106241,69.18746184828588,356.85196696769583,0.5,0.5,2026-07-20,2301,N,VIIRS,n,2.0NRT,323.97,8.14,D,2026-07-20 23:00:00,0.6662536595914808,SYNTH_2_00038,0.0,27354.483683099304,32888.92918799697,43328.770623802906,169.92288978455537,29570.390806504867,2,agricultural_burn,synthetic,,,,,
31.85490962790552,69.07215108883405,336.322013413076,0.5,0.5,2026-07-20,801,N,VIIRS,n,2.0NRT,309.75,4.44,D,2026-07-20 08:00:00,0.5725037940357871,SYNTH_2_00039,1.0,30154.104029008107,15379.688901154796,118233.41650823716,99.79299708504642,9907.077735182114,2,agricultural_burn,synthetic,,,,,
32.88563383411987,68.13050362325012,323.93456723839296,0.5,0.5,2026-07-20,2101,N,VIIRS,n,2.0NRT,287.59,7.61,N,2026-07-20 21:00:00,0.607626556460094,SYNTH_2_00040,1.0,29463.22147543064,13547.20876554102,41520.96049218435,207.105610918592,16933.15617341401,2,agricultural_burn,synthetic,,,,,
25.11928727561132,79.5112619646872,339.21888525079663,0.5,0.5,2026-07-20,1401,N,VIIRS,n,2.0NRT,305.65,4.14,N,2026-07-20 14:00:00,0.7088361677783791,SYNTH_2_00041,0.0,38626.42639803341,11675.311579900535,7616.590072115301,278.8749596009516,35394.62362085602,2,agricultural_burn,synthetic,,,,,
36.9298210806246,88.3255492934991,312.9866419724639,0.5,0.5,2026-07-20,1201,N,VIIRS,n,2.0NRT,286.64,5.43,N,2026-07-20 12:00:00,0.8024507375286086,SYNTH_2_00042,1.0,10055.943801806934,25593.5738535591,141580.5494583767,163.7568265949648,12301.398703451952,2,agricultural_burn,synthetic,,,,,
17.955481408988327,80.19107137365303,321.8501867541512,0.5,0.5,2026-07-20,1301,N,VIIRS,n,2.0NRT,295.31,6.49,D,2026-07-20 13:00:00,0.7325827266195042,SYNTH_2_00043,2.0,41678.8761111952,11170.074417743945,97617.77500408376,175.5520211032983,8047.6220170817405,2,agricultural_burn,synthetic,,,,,
16.682115453929942,74.99978978717323,328.3490394815717,0.5,0.5,2026-07-20,501,N,VIIRS,n,2.0NRT,289.17,5.95,D,2026-07-20 05:00:00,0.7418412230314879,SYNTH_2_00044,0.0,7943.477839844829,7074.733285434575,94462.00506576576,108.18250430642556,0.0,2,agricultural_burn,synthetic,,,,,
34.17406510735773,90.84010525065084,361.1944841454401,0.5,0.5,2026-07-20,1501,N,VIIRS,n,2.0NRT,328.59,7.05,D,2026-07-20 15:00:00,0.7887703141262015,SYNTH_2_00045,1.0,23330.72069891435,26534.20693760633,98752.5560374446,250.1380006852156,10829.416650901723,2,agricultural_burn,synthetic,,,,,
9.90038258363309,81.1984174299411,351.9744767274059,0.5,0.5,2026-07-20,701,N,VIIRS,n,2.0NRT,317.98,8.37,N,2026-07-20 07:00:00,0.7075226272206909,SYNTH_2_00046,0.0,28140.77223869799,18033.90799989679,108561.60959419668,0.0,8386.359624664843,2,agricultural_burn,synthetic,,,,,
8.048160522569216,71.25004075896223,326.8846094297968,0.5,0.5,2026-07-20,501,N,VIIRS,n,2.0NRT,297.06,9.34,N,2026-07-20 05:00:00,0.7443045458786471,SYNTH_2_00047,0.0,35491.7362144135,12192.32947108076,52682.753482356544,194.68391674193788,13227.711074153596,2,agricultural_burn,synthetic,,,,,
27.814492372105576,74.6193333884392,333.8829349145965,0.5,0.5,2026-07-20,1401,N,VIIRS,n,2.0NRT,297.47,5.96,D,2026-07-20 14:00:00,0.5936522052131311,SYNTH_2_00048,0.0,31857.490352746616,17192.380942256175,49331.59155058011,142.30568504613342,24024.15085879442,2,agricultural_burn,synthetic,,,,,
8.907221874147693,71.2082545593039,310.08365722329575,0.5,0.5,2026-07-20,1101,N,VIIRS,n,2.0NRT,286.32,8.3,N,2026-07-20 11:00:00,0.794781371672271,SYNTH_2_00049,0.0,25582.743309354464,24389.910550913013,74369.87027214644,172.25149811637016,16264.952679240872,2,agricultural_burn,synthetic,,,,,
34.645016746177745,81.17926547866108,359.49377825431645,0.5,0.5,2026-07-20,2301,N,VIIRS,n,2.0NRT,314.25,9.01,N,2026-07-20 23:00:00,0.5640164593454371,SYNTH_2_00050,0.0,25990.34821007201,27446.705810804237,133927.83567302945,191.3038057681161,12026.26642731444,2,agricultural_burn,synthetic,,,,,
8.865208332891227,78.04788100680824,349.0481053870528,0.5,0.5,2026-07-20,601,N,VIIRS,n,2.0NRT,313.63,11.36,N,2026-07-20 06:00:00,0.8355019324297279,SYNTH_2_00051,0.0,31396.26409497902,23540.364993632425,117489.95801131333,200.8296914289022,20920.113890434684,2,agricultural_burn,synthetic,,,,,
22.711488345879257,96.7614598019326,319.384014440917,0.5,0.5,2026-07-20,1601,N,VIIRS,n,2.0NRT,284.64,4.33,N,2026-07-20 16:00:00,0.9228995340885704,SYNTH_2_00052,2.0,38592.20600295612,22041.707334847,120518.7536285797,150.96425444814605,16622.378215182234,2,agricultural_burn,synthetic,,,,,
25.242460657835068,76.54790060288013,358.52632329966616,0.5,0.5,2026-07-20,401,N,VIIRS,n,2.0NRT,321.57,5.76,N,2026-07-20 04:00:00,0.7511445439091466,SYNTH_2_00053,1.0,27487.87309801083,20353.699024833582,73912.58045613357,63.40582420893705,13791.584979144563,2,agricultural_burn,synthetic,,,,,
24.44119606426222,89.99424487835788,327.3089706056956,0.5,0.5,2026-07-20,1801,N,VIIRS,n,2.0NRT,298.53,0.64,D,2026-07-20 18:00:00,0.8559223738896321,SYNTH_2_00054,1.0,35258.36842885239,20311.30565521168,54648.64016092547,63.30409381135516,17756.83923800286,2,agricultural_burn,synthetic,,,,,
12.331850534676372,95.88493925668996,350.8537943806729,0.5,0.5,2026-07-20,1701,N,VIIRS,n,2.0NRT,318.26,12.45,D,2026-07-20 17:00:00,0.6922105891922344,SYNTH_3_00000,3.0,28034.617779638786,17464.380327304505,68017.68706961191,24803.075508730955,131.76089038449544,3,wildfire,synthetic,,,,,
11.03383780733848,94.21522543546315,328.8055404138569,0.5,0.5,2026-07-20,1201,N,VIIRS,n,2.0NRT,297.57,26.5,D,2026-07-20 12:00:00,0.5638154846757488,SYNTH_3_00001,0.0,25349.31935892003,22278.25550229429,85883.62006012077,32927.70846035652,0.0,3,wildfire,synthetic,,,,,
17.254842169390315,85.65349273804915,349.366427874224,0.5,0.5,2026-07-20,1301,N,VIIRS,n,2.0NRT,310.11,7.85,N,2026-07-20 13:00:00,0.933738667548752,SYNTH_3_00002,6.0,20968.72929951823,39145.54192658024,91245.17669446189,37783.21924030973,168.80416204158098,3,wildfire,synthetic,,,,,
35.69205336381842,75.06430561539962,357.3185043222029,0.5,0.5,2026-07-20,701,N,VIIRS,n,2.0NRT,329.53,9.34,N,2026-07-20 07:00:00,0.701024981709879,SYNTH_3_00003,3.0,35903.21631870534,22279.77028994037,99750.1570079132,22125.866996787638,220.38997519265217,3,wildfire,synthetic,,,,,
35.82063808143265,86.92305682182723,341.8002687334404,0.5,0.5,2026-07-20,801,N,VIIRS,n,2.0NRT,316.26,14.53,N,2026-07-20 08:00:00,0.8331031857667974,SYNTH_3_00004,2.0,8893.898003549117,18337.50626104697,69529.40527734498,21580.714566945942,213.46371415766865,3,wildfire,synthetic,,,,,
16.829529267804954,84.03404936786939,337.3115007792017,0.5,0.5,2026-07-20,1401,N,VIIRS,n,2.0NRT,314.82,0.05,N,2026-07-20 14:00:00,0.7396579886425366,SYNTH_3_00005,3.0,24664.210521637386,24030.038555591625,123167.7363446905,12000.055891741977,39.36340885190464,3,wildfire,synthetic,,,,,
18.766326475560035,79.74079396836947,338.0127659186313,0.5,0.5,2026-07-20,301,N,VIIRS,n,2.0NRT,302.5,1.37,N,2026-07-20 03:00:00,0.7091611372745273,SYNTH_3_00006,2.0,25462.973475771003,19194.283022597974,126726.88636901924,15915.84424886768,76.52184486293484,3,wildfire,synthetic,,,,,
15.11251021767308,88.59711083874362,379.6075387901057,0.5,0.5,2026-07-20,1501,N,VIIRS,n,2.0NRT,338.82,13.82,N,2026-07-20 15:00:00,0.956029817052408,SYNTH_3_00007,2.0,22294.82260926281,10506.851995267947,92447.18533481887,12313.793197131086,89.78929826237997,3,wildfire,synthetic,,,,,
23.362624319292443,83.5604723937356,356.7786533503788,0.5,0.5,2026-07-20,1001,N,VIIRS,n,2.0NRT,322.94,26.49,N,2026-07-20 10:00:00,0.5619201572025943,SYNTH_3_00008,6.0,21185.12141645845,14196.952693089162,94172.90513945871,16856.957027229364,160.0610589660321,3,wildfire,synthetic,,,,,
34.58860382124668,77.32445675298762,352.54383354496906,0.5,0.5,2026-07-20,2001,N,VIIRS,n,2.0NRT,315.09,15.61,N,2026-07-20 20:00:00,0.8665307535547178,SYNTH_3_00009,4.0,44768.727971239954,24786.580737182503,110634.14101124609,11642.219417329898,169.45479091012552,3,wildfire,synthetic,,,,,
17.9002249540701,69.45309400121108,361.1927049430706,0.5,0.5,2026-07-20,201,N,VIIRS,n,2.0NRT,319.34,24.6,D,2026-07-20 02:00:00,0.7835841256933024,SYNTH_3_00010,3.0,0.0,25445.97162746545,0.0,6488.829333351237,234.2122321129181,3,wildfire,synthetic,,,,,
9.799830089664502,81.2895992045589,383.8130593709263,0.5,0.5,2026-07-20,1301,N,VIIRS,n,2.0NRT,348.64,11.13,N,2026-07-20 13:00:00,0.7908036176881267,SYNTH_3_00011,3.0,44402.492781983296,23179.244045740776,54917.96067582196,21012.45293475139,175.7267116571891,3,wildfire,synthetic,,,,,
35.55177174410868,77.93869563989372,349.55740857731803,0.5,0.5,2026-07-20,601,N,VIIRS,n,2.0NRT,313.41,12.74,N,2026-07-20 06:00:00,0.811681419968978,SYNTH_3_00012,4.0,13003.453255967424,12625.711306408552,128663.77253908856,18288.968150157423,9.9789488883751,3,wildfire,synthetic,,,,,
19.691065919453376,84.29274897182698,359.45411435892123,0.5,0.5,2026-07-20,1701,N,VIIRS,n,2.0NRT,320.62,20.88,D,2026-07-20 17:00:00,0.6095730901909251,SYNTH_3_00013,5.0,28972.481859954347,19276.42216476598,73102.34444463743,29835.000484777534,357.5129412809076,3,wildfire,synthetic,,,,,
27.010014411948514,87.22438171209276,353.85421301729195,0.5,0.5,2026-07-20,1701,N,VIIRS,n,2.0NRT,316.96,15.97,D,2026-07-20 17:00:00,0.7440717353974068,SYNTH_3_00014,5.0,16248.556763516062,18269.74240747727,112186.863220681,22026.939620799603,220.8251972242005,3,wildfire,synthetic,,,,,
34.39948039537232,73.87314982980139,374.7106733400112,0.5,0.5,2026-07-20,601,N,VIIRS,n,2.0NRT,336.63,5.12,N,2026-07-20 06:00:00,0.5844904656814816,SYNTH_3_00015,2.0,12459.475484964372,12810.593553895102,91826.06615301369,19535.345450083863,139.58016388312885,3,wildfire,synthetic,,,,,
19.601781937907905,93.37812078635284,349.4606815848038,0.5,0.5,2026-07-20,1601,N,VIIRS,n,2.0NRT,309.53,0.05,N,2026-07-20 16:00:00,0.7536059926797796,SYNTH_3_00016,0.0,24944.40433330785,31409.790473107125,131567.20374523924,23824.975434271302,119.95667071237202,3,wildfire,synthetic,,,,,
32.456363687097394,96.36792849217228,355.88122235560803,0.5,0.5,2026-07-20,901,N,VIIRS,n,2.0NRT,327.09,10.54,D,2026-07-20 09:00:00,0.6545208182869179,SYNTH_3_00017,5.0,36686.72953860881,28287.097108343547,93567.406058043,15139.08887775113,76.8952777709316,3,wildfire,synthetic,,,,,
14.346841655044331,91.6656244858321,357.3011728608962,0.5,0.5,2026-07-20,2201,N,VIIRS,n,2.0NRT,316.64,13.37,N,2026-07-20 22:00:00,0.6122684344479632,SYNTH_3_00018,8.0,42664.1747978816,23348.58172588552,104391.01713055871,23065.13122049384,233.36721818342795,3,wildfire,synthetic,,,,,
12.464943894751164,80.26120964385701,363.1460543061476,0.5,0.5,2026-07-20,1001,N,VIIRS,n,2.0NRT,314.1,9.85,N,2026-07-20 10:00:00,0.795502372034752,SYNTH_3_00019,1.0,42341.5114831184,21303.79438161231,83109.00054536316,11968.44733238866,152.48488157372304,3,wildfire,synthetic,,,,,
13.1143350202342,80.28136644570996,368.5495555017192,0.5,0.5,2026-07-20,401,N,VIIRS,n,2.0NRT,336.53,10.31,D,2026-07-20 04:00:00,0.7348752353253624,SYNTH_3_00020,4.0,30191.133420713828,22557.248353119638,93863.85039642765,18325.00153455998,12.226840824137923,3,wildfire,synthetic,,,,,
9.491155482150951,87.4956685054799,356.4333116272648,0.5,0.5,2026-07-20,701,N,VIIRS,n,2.0NRT,326.92,15.07,N,2026-07-20 07:00:00,0.6843945063359033,SYNTH_3_00021,4.0,39715.515467787394,36212.66952683469,107309.48293629989,30762.97160209681,329.0351996176573,3,wildfire,synthetic,,,,,
33.49299461010985,70.78676175618456,327.8536478749828,0.5,0.5,2026-07-20,1001,N,VIIRS,n,2.0NRT,294.66,20.61,N,2026-07-20 10:00:00,0.8803565067808088,SYNTH_3_00022,2.0,35082.64195233037,35386.584607172765,80491.39657094477,11629.760428509093,151.14753635155887,3,wildfire,synthetic,,,,,
32.96322823499555,91.87061368855277,333.85463287771825,0.5,0.5,2026-07-20,801,N,VIIRS,n,2.0NRT,300.17,17.82,N,2026-07-20 08:00:00,0.7503108550185636,SYNTH_3_00023,4.0,16002.23994058579,19877.535740426323,83553.84887196725,19568.60383596613,392.560949072122,3,wildfire,synthetic,,,,,
14.356487277880335,74.04300090161544,370.8026394096879,0.5,0.5,2026-07-20,301,N,VIIRS,n,2.0NRT,335.73,9.51,N,2026-07-20 03:00:00,0.8788444249318252,SYNTH_3_00024,3.0,25740.455608604418,22335.05052779419,86892.12433006246,22034.16626459313,386.2554003659831,3,wildfire,synthetic,,,,,
33.37744177256839,96.2922737290236,344.8456393572996,0.5,0.5,2026-07-20,401,N,VIIRS,n,2.0NRT,322.1,20.52,D,2026-07-20 04:00:00,0.8519043693241762,SYNTH_3_00025,3.0,37362.34483783277,23656.52048144409,123693.01503703944,24453.80737088916,112.62203678605395,3,wildfire,synthetic,,,,,
9.434314977234454,85.44519512122446,322.6493479338737,0.5,0.5,2026-07-20,901,N,VIIRS,n,2.0NRT,297.19,3.66,N,2026-07-20 09:00:00,0.724539183023397,SYNTH_3_00026,3.0,6912.092226723431,13133.577709202564,59870.54125167504,44116.81682868303,396.2090337296576,3,wildfire,synthetic,,,,,
9.91629711666245,68.03095648565967,328.1480625046102,0.5,0.5,2026-07-20,1001,N,VIIRS,n,2.0NRT,300.03,14.06,D,2026-07-20 10:00:00,0.5899794150956522,SYNTH_3_00027,3.0,15856.306500276907,23337.64385772548,102817.3359224378,25757.24762867813,21.541321901155527,3,wildfire,synthetic,,,,,
13.66910877787812,87.70628326705977,362.9045939336693,0.5,0.5,2026-07-20,1601,N,VIIRS,n,2.0NRT,320.48,12.47,D,2026-07-20 16:00:00,0.7359012102555581,SYNTH_3_00028,5.0,43381.34668721263,31067.596938879036,81017.10592600865,28751.0963092325,412.0552182225824,3,wildfire,synthetic,,,,,
25.704066952911862,73.9563186324998,329.2302166140698,0.5,0.5,2026-07-20,1201,N,VIIRS,n,2.0NRT,295.16,6.53,N,2026-07-20 12:00:00,0.7920226709474586,SYNTH_3_00029,3.0,23771.239520666844,16144.92741634967,66402.56383964219,15588.966420285622,74.45884456092689,3,wildfire,synthetic,,,,,
36.90363913405545,69.28107798538068,317.61975477096337,0.5,0.5,2026-07-20,601,N,VIIRS,n,2.0NRT,280.0,9.29,D,2026-07-20 06:00:00,0.5689381320019605,SYNTH_3_00030,1.0,0.0,11241.769231317076,136373.44877835707,21600.07449066081,334.8676514785409,3,wildfire,synthetic,,,,,
17.31148316594379,73.60304135090878,349.10940060061245,0.5,0.5,2026-07-20,1901,N,VIIRS,n,2.0NRT,306.35,20.83,N,2026-07-20 19:00:00,0.8066187758574833,SYNTH_3_00031,5.0,18405.368546439007,11895.084109561045,48555.50838356047,22778.54987729316,219.24118425471775,3,wildfire,synthetic,,,,,
21.0803485053724,84.47009268242628,330.99544505351656,0.5,0.5,2026-07-20,301,N,VIIRS,n,2.0NRT,299.98,25.22,N,2026-07-20 03:00:00,0.6969023495444285,SYNTH_3_00032,7.0,37538.47374945313,22611.8796344598,75574.77175400613,5730.728262025605,159.4122587740382,3,wildfire,synthetic,,,,,
29.91064673172939,75.46524850801578,334.93971442577106,0.5,0.5,2026-07-20,2001,N,VIIRS,n,2.0NRT,304.12,17.42,D,2026-07-20 20:00:00,0.8274494703865372,SYNTH_3_00033,2.0,24537.54085787905,37656.83237737911,73121.86324539776,30994.026992270403,191.68960955493384,3,wildfire,synthetic,,,,,
27.732145364427737,84.31737240112606,358.6598543594779,0.5,0.5,2026-07-20,1301,N,VIIRS,n,2.0NRT,324.75,20.3,N,2026-07-20 13:00:00,0.9036965653917644,SYNTH_3_00034,5.0,42392.13761483564,18625.497791357782,103056.83114519624,16387.593796676087,182.80263793374667,3,wildfire,synthetic,,,,,
12.657061064962642,90.4723291980585,306.7940105539999,0.5,0.5,2026-07-20,2001,N,VIIRS,n,2.0NRT,282.44,24.55,N,2026-07-20 20:00:00,0.8295838655219774,SYNTH_3_00035,0.0,25725.621377408417,24254.01670234685,43576.1363838508,21790.896602346704,420.421129248161,3,wildfire,synthetic,,,,,
24.367387730416176,96.48218459321748,357.69790686998806,0.5,0.5,2026-07-20,601,N,VIIRS,n,2.0NRT,327.68,17.06,N,2026-07-20 06:00:00,0.6838583107693184,SYNTH_3_00036,0.0,11110.424413198934,13311.839246721129,91871.8569387665,3240.380605103732,253.7124526028477,3,wildfire,synthetic,,,,,
21.44659572576353,88.01367631777534,311.1974557596432,0.5,0.5,2026-07-20,101,N,VIIRS,n,2.0NRT,280.0,24.86,D,2026-07-20 01:00:00,0.631999922153274,SYNTH_3_00037,3.0,34654.84361901804,15923.974430708848,104138.3907257464,27089.14377252184,400.3471007676024,3,wildfire,synthetic,,,,,
10.807494329844172,95.47227407615851,351.02047717098645,0.5,0.5,2026-07-20,1201,N,VIIRS,n,2.0NRT,314.67,10.51,N,2026-07-20 12:00:00,0.7728770028928938,SYNTH_3_00038,0.0,36609.59527510013,24636.404411475625,34388.58525374462,20885.716351033065,269.04346835753887,3,wildfire,synthetic,,,,,
35.80251825318609,69.17157763642274,374.2285730929896,0.5,0.5,2026-07-20,401,N,VIIRS,n,2.0NRT,342.89,18.3,N,2026-07-20 04:00:00,0.815788801043318,SYNTH_3_00039,4.0,57528.94632661992,20075.758977185586,62074.10327335267,25850.167584224197,232.6789235266674,3,wildfire,synthetic,,,,,
24.45599529293038,79.5197657427119,346.4709673362087,0.5,0.5,2026-07-20,2301,N,VIIRS,n,2.0NRT,313.36,22.33,D,2026-07-20 23:00:00,0.8062272871914493,SYNTH_3_00040,3.0,9497.41278121972,25173.644835254552,156953.41827061132,26195.5989597758,134.85454754598425,3,wildfire,synthetic,,,,,
32.42248500998929,95.35808818705772,323.8785130811459,0.5,0.5,2026-07-20,1201,N,VIIRS,n,2.0NRT,289.0,22.33,N,2026-07-20 12:00:00,0.7120313474857439,SYNTH_3_00041,5.0,29523.373428344465,11857.108808192226,136502.08733973026,33210.71464154686,295.15086309000884,3,wildfire,synthetic,,,,,
19.35369840884851,70.60284382228467,352.907160702047,0.5,0.5,2026-07-20,2301,N,VIIRS,n,2.0NRT,323.34,17.92,N,2026-07-20 23:00:00,0.779123141684738,SYNTH_3_00042,4.0,42683.336707037146,33034.30518919612,0.0,19143.05300646086,160.24187669472585,3,wildfire,synthetic,,,,,
36.33858916751636,74.8544526261228,334.6400761225178,0.5,0.5,2026-07-20,901,N,VIIRS,n,2.0NRT,301.26,17.69,D,2026-07-20 09:00:00,0.8977393634170036,SYNTH_3_00043,2.0,18489.306158658103,26159.912401095626,24507.36593786545,38760.85805255392,252.31829355677988,3,wildfire,synthetic,,,,,
33.05996804658902,95.51645010316774,349.46953725360487,0.5,0.5,2026-07-20,2201,N,VIIRS,n,2.0NRT,307.63,13.37,D,2026-07-20 22:00:00,0.8194670611628408,SYNTH_3_00044,2.0,28070.882201250675,27865.73327262736,89692.185868005,26618.79829969463,129.7381507289954,3,wildfire,synthetic,,,,,
20.60803265746234,74.63072247720132,386.7132976422389,0.5,0.5,2026-07-20,401,N,VIIRS,n,2.0NRT,348.44,8.18,N,2026-07-20 04:00:00,0.8471139006822912,SYNTH_3_00045,5.0,25336.26624431052,20044.96457603191,82670.69105361371,25514.775366875656,348.1423530040676,3,wildfire,synthetic,,,,,
21.860450841455098,80.23121581872228,347.7429583882842,0.5,0.5,2026-07-20,1601,N,VIIRS,n,2.0NRT,310.94,20.96,N,2026-07-20 16:00:00,0.663180656935922,SYNTH_3_00046,2.0,5374.441018505706,24132.537503913547,87079.29258706923,18040.11065923262,0.0,3,wildfire,synthetic,,,,,
30.67095437964441,80.41692604175732,371.0089505411108,0.5,0.5,2026-07-20,1901,N,VIIRS,n,2.0NRT,336.58,3.87,D,2026-07-20 19:00:00,0.7790040396483535,SYNTH_3_00047,3.0,52909.35750258022,35647.96090530463,79270.20325495298,16661.018336166766,140.93459861765618,3,wildfire,synthetic,,,,,
29.36061970035626,81.33157446915416,344.2243179890688,0.5,0.5,2026-07-20,1501,N,VIIRS,n,2.0NRT,316.36,33.4,D,2026-07-20 15:00:00,0.7857319422710627,SYNTH_3_00048,7.0,36555.526878993376,15478.50053634048,60118.42720944059,26137.35359513489,298.6263890958378,3,wildfire,synthetic,,,,,
16.448554153195506,83.35234926676233,352.2129221851194,0.5,0.5,2026-07-20,1901,N,VIIRS,n,2.0NRT,316.64,0.86,N,2026-07-20 19:00:00,0.7486584213075191,SYNTH_3_00049,6.0,0.0,20283.155856989066,84302.03511785876,40863.98875202896,5.143450449653244,3,wildfire,synthetic,,,,,
28.445817699201594,70.02801731282898,356.1400568231417,0.5,0.5,2026-07-20,401,N,VIIRS,n,2.0NRT,326.66,17.64,D,2026-07-20 04:00:00,0.83780585789082,SYNTH_3_00050,2.0,8523.96379737353,24955.311755483843,96255.93371502146,16453.362206271027,177.27776696092238,3,wildfire,synthetic,,,,,
10.54381,79.22341,346.01,0.39,0.36,20260905,813,N,VIIRS,70.0,2.0NRT,303.01,5.35,D,,0.7,,1.0,312720.47101541143,124155.331580902,584845.0333905554,200.0,30000.0,2,AGRICULTURAL_BURNING,lance_archive,lance_archive_rule,cropland,124.155,10.54,79.22
10.71104,79.432,341.49,0.39,0.36,20260905,816,N,VIIRS,70.0,2.0NRT,306.21,6.82,D,,0.7,,2.0,287563.790017107,97774.46449858954,579815.2745587872,200.0,30000.0,2,AGRICULTURAL_BURNING,lance_archive,lance_archive_rule,cropland,97.774,10.71,79.43
10.79202,79.03259,340.12,0.38,0.36,20260905,816,N,VIIRS,70.0,2.0NRT,304.36,10.43,D,,0.7,,1.0,295862.77143131406,113783.65223215593,550715.9529728753,200.0,30000.0,2,AGRICULTURAL_BURNING,lance_archive,lance_archive_rule,cropland,113.784,10.79,79.03
10.82872,79.18511,346.57,0.39,0.36,20260905,816,N,VIIRS,70.0,2.0NRT,300.54,2.98,D,,0.7,,1.0,285044.28039860673,99764.37920084906,555012.8830835647,200.0,30000.0,2,AGRICULTURAL_BURNING,lance_archive,lance_archive_rule,cropland,99.764,10.83,79.19
10.83204,79.18459,332.25,0.39,0.36,20260905,816,N,VIIRS,70.0,2.0NRT,301.85,2.98,D,,0.7,,1.0,284730.31569082185,99510.38392553583,554662.7474281937,200.0,30000.0,2,AGRICULTURAL_BURNING,lance_archive,lance_archive_rule,cropland,99.51,10.83,79.18
10.87647,79.25341,338.54,0.39,0.36,20260905,816,N,VIIRS,70.0,2.0NRT,304.22,2.99,D,,0.7,,1.0,277195.7790045242,91009.05317491904,554077.0980383571,200.0,30000.0,2,AGRICULTURAL_BURNING,lance_archive,lance_archive_rule,cropland,91.009,10.88,79.25
10.85818,78.95408,341.88,0.38,0.36,20260905,816,N,VIIRS,70.0,2.0NRT,304.07,4.71,D,,0.7,,1.0,293332.882740903,114926.23661999937,540252.4042229474,200.0,30000.0,2,AGRICULTURAL_BURNING,lance_archive,lance_archive_rule,cropland,114.926,10.86,78.95
10.98545,78.22152,341.16,0.39,0.36,20260905,816,N,VIIRS,70.0,2.0NRT,307.93,4.83,D,,0.7,,1.0,231767.78798853228,177728.2901852331,495500.7999521067,200.0,30000.0,2,AGRICULTURAL_BURNING,lance_archive,lance_archive_rule,cropland,177.728,10.99,78.22
10.92989,77.06577,339.03,0.4,0.37,20260905,816,N,VIIRS,50.0,2.0NRT,308.06,3.75,D,,0.5,,1.0,128932.94846048283,300631.6685586155,474298.86231293133,200.0,300.0,2,AGRICULTURAL_BURNING,lance_archive,lance_archive_rule,cropland,128.933,10.93,77.07
11.00525,77.1251,345.45,0.4,0.37,20260905,816,N,VIIRS,50.0,2.0NRT,309.27,7.94,D,,0.5,,1.0,139475.7702520129,292498.22409448965,466586.54074743745,200.0,300.0,2,AGRICULTURAL_BURNING,lance_archive,lance_archive_rule,cropland,139.476,11.01,77.13
11.57037,79.64236,335.47,0.39,0.36,20260905,816,N,VIIRS,70.0,2.0NRT,290.73,1.41,D,,0.7,,1.0,189776.94418519718,12786.268592483206,514007.58724994055,200.0,30000.0,2,AGRICULTURAL_BURNING,lance_archive,lance_archive_rule,cropland,12.786,11.57,79.64
11.48627,78.88146,338.67,0.38,0.36,20260905,816,N,VIIRS,70.0,2.0NRT,304.46,4.68,D,,0.7,,1.0,239364.55484576165,95098.23636093774,475067.69978751015,200.0,30000.0,2,AGRICULTURAL_BURNING,lance_archive,lance_archive_rule,cropland,95.098,11.49,78.88
11.81176,79.62698,335.58,0.39,0.36,20260905,816,N,VIIRS,70.0,2.0NRT,301.35,3.95,D,,0.7,,1.0,165591.86816543687,34000.32575019713,492163.79330459284,200.0,30000.0,2,AGRICULTURAL_BURNING,lance_archive,lance_archive_rule,cropland,34.0,11.81,79.63
11.85545,78.73141,330.2,0.38,0.36,20260905,816,N,VIIRS,70.0,2.0NRT,299.24,2.96,D,,0.7,,1.0,220739.78963219852,116907.58717890781,431392.85406634625,200.0,30000.0,2,AGRICULTURAL_BURNING,lance_archive,lance_archive_rule,cropland,116.908,11.86,78.73
11.89135,78.72217,333.36,0.38,0.36,20260905,816,N,VIIRS,70.0,2.0NRT,303.29,1.26,D,,0.7,,1.0,218874.82576010627,119137.18235970574,427451.8940445596,200.0,30000.0,2,AGRICULTURAL_BURNING,lance_archive,lance_archive_rule,cropland,119.137,11.89,78.72
11.96101,78.80475,336.43,0.38,0.36,20260905,816,N,VIIRS,70.0,2.0NRT,303.7,7.02,D,,0.7,,2.0,207012.54552031413,113721.22464230932,425601.0684413118,200.0,30000.0,2,AGRICULTURAL_BURNING,lance_archive,lance_archive_rule,cropland,113.721,11.96,78.8
11.96047,78.80122,331.4,0.38,0.36,20260905,816,N,VIIRS,70.0,2.0NRT,301.09,4.31,D,,0.7,,2.0,207343.38269464014,114045.18446271632,425445.11073928094,200.0,30000.0,2,AGRICULTURAL_BURNING,lance_archive,lance_archive_rule,cropland,114.045,11.96,78.8
12.09322,79.02973,338.07,0.39,0.36,20260905,816,N,VIIRS,70.0,2.0NRT,300.9,3.38,D,,0.7,,1.0,178926.26234311095,100455.26606668199,427323.3575536292,200.0,30000.0,2,AGRICULTURAL_BURNING,lance_archive,lance_archive_rule,cropland,100.455,12.09,79.03
15.17266,76.66496,335.32,0.39,0.36,20260905,816,N,VIIRS,50.0,2.0NRT,305.84,5.73,D,,0.5,,6.0,879.0539680450333,169949.84476740393,879.0539680450333,25000.0,300.0,1,PERSISTENT_INDUSTRIAL_FLARE,lance_archive,lance_archive_rule,JSW Steel Vijayanagar,0.879,15.17,76.66
15.17484,76.65714,335.27,0.39,0.36,20260905,816,N,VIIRS,50.0,2.0NRT,306.58,3.25,D,,0.5,,6.0,1528.3524985222934,169309.93396937152,1528.3524985222934,25000.0,300.0,1,PERSISTENT_INDUSTRIAL_FLARE,lance_archive,lance_archive_rule,JSW Steel Vijayanagar,1.528,15.17,76.66
15.17818,76.65657,333.69,0.39,0.36,20260905,816,N,VIIRS,50.0,2.0NRT,301.98,3.25,D,,0.5,,32.0,1548.7003611958694,168959.87608281767,1548.7003611958694,25000.0,300.0,1,PERSISTENT_INDUSTRIAL_FLARE,lance_archive,lance_archive_rule,JSW Steel Vijayanagar,1.549,15.18,76.66
17.75859,75.82333,339.69,0.4,0.37,20260905,816,N,VIIRS,50.0,2.0NRT,307.83,6.23,D,,0.5,,1.0,300845.521431299,142186.5634762642,300845.521431299,200.0,30000.0,2,AGRICULTURAL_BURNING,lance_archive,lance_archive_rule,cropland,142.187,17.76,75.82
19.02065,72.89297,332.56,0.49,0.4,20260905,818,N,VIIRS,50.0,2.0NRT,298.09,4.9,D,,0.5,,4.0,747.3320995059363,5124.491049057163,232126.8491909932,25000.0,30000.0,1,PERSISTENT_INDUSTRIAL_FLARE,lance_archive,lance_archive_rule,BPCL Mumbai Refinery,0.747,19.02,72.89
21.10671,72.64536,336.44,0.47,0.4,20260905,818,N,VIIRS,70.0,2.0NRT,281.68,7.04,D,,0.7,,21.0,589.4053826604377,124828.87488567363,5059.2374877102375,25000.0,30000.0,1,PERSISTENT_INDUSTRIAL_FLARE,lance_archive,lance_archive_rule,ONGC Hazira Gas Processing Plant,0.589,21.11,72.65
30.60174,73.64675,335.72,0.38,0.36,20260905,820,N,VIIRS,70.0,2.0NRT,301.07,2.55,D,,0.7,,1.0,130802.2530176101,441601.3791290647,997035.3798037115,200.0,30000.0,2,AGRICULTURAL_BURNING,lance_archive,lance_archive_rule,cropland,130.802,30.6,73.65
31.23082,75.08361,335.64,0.4,0.37,20260905,820,N,VIIRS,70.0,2.0NRT,295.18,4.59,D,,0.7,,1.0,114652.01458918516,381527.59905530163,1085064.2590415713,200.0,300.0,2,AGRICULTURAL_BURNING,lance_archive,lance_archive_rule,cropland,114.652,31.23,75.08
31.21054,73.72984,330.49,0.38,0.36,20260905,820,N,VIIRS,50.0,2.0NRT,300.9,5.02,D,,0.5,,3.0,160109.46532637384,472819.3426435386,1065123.0445104826,200.0,30000.0,2,AGRICULTURAL_BURNING,lance_archive,lance_archive_rule,cropland,160.109,31.21,73.73
31.20992,73.72583,332.22,0.38,0.36,20260905,820,N,VIIRS,50.0,2.0NRT,305.13,8.31,D,,0.5,,3.0,160337.21083249326,473079.0661720266,1065026.5588608587,200.0,30000.0,2,AGRICULTURAL_BURNING,lance_archive,lance_archive_rule,cropland,160.337,31.21,73.73
31.21322,73.72516,330.57,0.38,0.36,20260905,820,N,VIIRS,50.0,2.0NRT,303.89,4.89,D,,0.5,,3.0,160636.95818821687,473353.73677572486,1065387.9197228812,200.0,30000.0,2,AGRICULTURAL_BURNING,lance_archive,lance_archive_rule,cropland,160.637,31.21,73.73
31.73204,74.48511,340.17,0.39,0.36,20260905,822,N,VIIRS,70.0,2.0NRT,298.88,4.36,D,,0.7,,1.0,174739.08696483268,460709.5214771924,1130376.9121232876,200.0,300.0,2,AGRICULTURAL_BURNING,lance_archive,lance_archive_rule,cropland,174.739,31.73,74.49
18.04078,74.8643,310.8,0.38,0.36,20260905,2046,N,VIIRS,70.0,2.0NRT,290.71,0.83,N,,0.7,,1.0,218901.26117658932,202231.23922488844,371999.0781825809,200.0,30000.0,2,AGRICULTURAL_BURNING,lance_archive,lance_archive_rule,cropland,202.231,18.04,74.86
32.10323,74.17525,307.41,0.5,0.41,20260905,2044,N,VIIRS,70.0,2.0NRT,293.36,0.92,N,,0.7,,3.0,222701.01515591322,511087.6747576146,1167773.0248266093,200.0,300.0,2,AGRICULTURAL_BURNING,lance_archive,lance_archive_rule,cropland,222.701,32.1,74.18
32.08572,74.16138,308.97,0.5,0.41,20260905,2044,N,VIIRS,70.0,2.0NRT,293.28,1.04,N,,0.7,,4.0,221295.5013073402,510454.0080840828,1165698.844447493,200.0,300.0,2,AGRICULTURAL_BURNING,lance_archive,lance_archive_rule,cropland,221.296,32.09,74.16
31.25029,76.9273,306.11,0.4,0.37,20260905,2044,N,VIIRS,70.0,2.0NRT,290.29,0.57,N,,0.7,,1.0,204577.58371366744,305951.62055951415,1136662.547214538,200.0,30000.0,2,AGRICULTURAL_BURNING,lance_archive,lance_archive_rule,cropland,204.578,31.25,76.93
29.47524,76.8587,312.67,0.39,0.36,20260905,2044,N,VIIRS,70.0,2.0NRT,292.14,0.88,N,,0.7,,11.0,13582.29549218969,123059.36786876322,952346.1840632727,200.0,30000.0,2,AGRICULTURAL_BURNING,lance_archive,lance_archive_rule,cropland,13.582,29.48,76.86
15.18671,76.64958,306.13,0.42,0.38,20260905,2046,N,VIIRS,70.0,2.0NRT,292.46,1.58,N,,0.7,,1.0,2494.3663500501766,167760.75620792716,2494.3663500501766,25000.0,300.0,1,PERSISTENT_INDUSTRIAL_FLARE,lance_archive,lance_archive_rule,JSW Steel Vijayanagar,2.494,15.19,76.65
26.75865,83.20107,303.4,0.41,0.45,20260905,2046,N,VIIRS,70.0,2.0NRT,284.8,1.1,N,,0.7,,3.0,453937.70160718024,534288.4857875089,453937.70160718024,200.0,30000.0,2,AGRICULTURAL_BURNING,lance_archive,lance_archive_rule,cropland,453.938,26.76,83.2
15.18408,76.66525,309.32,0.42,0.38,20260905,2046,N,VIIRS,70.0,2.0NRT,291.73,1.48,N,,0.7,,39.0,915.3281911478646,168879.84066223243,915.3281911478646,25000.0,300.0,1,PERSISTENT_INDUSTRIAL_FLARE,lance_archive,lance_archive_rule,JSW Steel Vijayanagar,0.915,15.18,76.67
15.18342,76.66917,318.33,0.42,0.38,20260905,2046,N,VIIRS,70.0,2.0NRT,292.33,1.48,N,,0.7,,39.0,633.8662500055991,169161.5100075446,633.8662500055991,25000.0,300.0,1,PERSISTENT_INDUSTRIAL_FLARE,lance_archive,lance_archive_rule,JSW Steel Vijayanagar,0.634,15.18,76.67
15.18062,76.66463,307.28,0.42,0.38,20260905,2046,N,VIIRS,70.0,2.0NRT,292.43,1.48,N,,0.7,,32.0,743.0893774066888,169174.11719049432,743.0893774066888,25000.0,300.0,1,PERSISTENT_INDUSTRIAL_FLARE,lance_archive,lance_archive_rule,JSW Steel Vijayanagar,0.743,15.18,76.66
15.17865,76.67638,308.7,0.42,0.38,20260905,2046,N,VIIRS,70.0,2.0NRT,293.14,2.25,N,,0.7,,15.0,581.8662500111316,170017.9737554874,581.8662500111316,25000.0,300.0,1,PERSISTENT_INDUSTRIAL_FLARE,lance_archive,lance_archive_rule,JSW Steel Vijayanagar,0.582,15.18,76.68
15.17849,76.65616,318.32,0.42,0.38,20260905,2046,N,VIIRS,70.0,2.0NRT,293.73,1.51,N,,0.7,,32.0,1593.5012096137682,168907.6907487029,1593.5012096137682,25000.0,300.0,1,PERSISTENT_INDUSTRIAL_FLARE,lance_archive,lance_archive_rule,JSW Steel Vijayanagar,1.594,15.18,76.66
15.17783,76.66007,308.24,0.42,0.38,20260905,2046,N,VIIRS,70.0,2.0NRT,292.41,1.51,N,,0.7,,32.0,1173.1180242958133,169186.62416626667,1173.1180242958133,25000.0,300.0,1,PERSISTENT_INDUSTRIAL_FLARE,lance_archive,lance_archive_rule,JSW Steel Vijayanagar,1.173,15.18,76.66
15.17519,76.67574,306.33,0.42,0.38,20260905,2046,N,VIIRS,70.0,2.0NRT,291.78,1.16,N,,0.7,,15.0,596.9815999959167,170310.07300226303,596.9815999959167,25000.0,300.0,1,PERSISTENT_INDUSTRIAL_FLARE,lance_archive,lance_archive_rule,JSW Steel Vijayanagar,0.597,15.18,76.68
15.17453,76.67966,305.76,0.42,0.38,20260905,2046,N,VIIRS,70.0,2.0NRT,292.15,1.17,N,,0.7,,4.0,1006.2789146854318,170592.5758660602,1006.2789146854318,25000.0,300.0,1,PERSISTENT_INDUSTRIAL_FLARE,lance_archive,lance_archive_rule,JSW Steel Vijayanagar,1.006,15.17,76.68
15.17255,76.69141,319.54,0.42,0.38,20260905,2046,N,VIIRS,70.0,2.0NRT,292.3,2.3,N,,0.7,,9.0,2272.638483958959,171443.07568301362,2272.638483958959,25000.0,300.0,1,PERSISTENT_INDUSTRIAL_FLARE,lance_archive,lance_archive_rule,JSW Steel Vijayanagar,2.273,15.17,76.69
15.17504,76.65553,312.27,0.42,0.38,20260905,2046,N,VIIRS,70.0,2.0NRT,293.05,1.51,N,,0.7,,32.0,1692.503738619611,169202.19895366515,1692.503738619611,25000.0,300.0,1,PERSISTENT_INDUSTRIAL_FLARE,lance_archive,lance_archive_rule,JSW Steel Vijayanagar,1.693,15.18,76.66
15.16894,76.67054,306.65,0.42,0.38,20260905,2046,N,VIIRS,70.0,2.0NRT,292.39,0.73,N,,0.7,,8.0,1008.6348525375537,170613.5601876687,1008.6348525375537,25000.0,300.0,1,PERSISTENT_INDUSTRIAL_FLARE,lance_archive,lance_archive_rule,JSW Steel Vijayanagar,1.009,15.17,76.67
15.16829,76.67445,305.39,0.42,0.38,20260905,2046,N,VIIRS,70.0,2.0NRT,292.09,0.73,N,,0.7,,8.0,1141.4212312191578,170892.9928523612,1141.4212312191578,25000.0,300.0,1,PERSISTENT_INDUSTRIAL_FLARE,lance_archive,lance_archive_rule,JSW Steel Vijayanagar,1.141,15.17,76.67
13.16142,80.28448,309.21,0.47,0.48,20260905,2049,N,VIIRS,70.0,2.0NRT,289.81,1.99,N,,0.7,,6.0,2351.3831875088886,190157.7775158878,449475.5656773964,25000.0,30000.0,1,PERSISTENT_INDUSTRIAL_FLARE,lance_archive,lance_archive_rule,TN PetroProducts Manali,2.351,13.16,80.28
11.6361,77.65678,327.2,0.52,0.41,20260905,2049,N,VIIRS,70.0,2.0NRT,290.59,2.4,N,,0.7,,2.0,230377.39076615497,228633.94383716318,408014.6186229903,200.0,30000.0,2,AGRICULTURAL_BURNING,lance_archive,lance_archive_rule,cropland,228.634,11.64,77.66
22.79832,86.20602,319.84,0.37,0.58,20260905,2046,N,VIIRS,70.0,2.0NRT,288.96,1.44,N,,0.7,,3.0,754.1261398292095,328928.9025788863,754.1261398292095,25000.0,30000.0,1,PERSISTENT_INDUSTRIAL_FLARE,lance_archive,lance_archive_rule,Tata Steel Jamshedpur Works,0.754,22.8,86.21
22.7975,86.20966,308.81,0.37,0.58,20260905,2046,N,VIIRS,70.0,2.0NRT,288.97,1.44,N,,0.7,,3.0,1067.203898103922,329262.5154309494,1067.203898103922,25000.0,30000.0,1,PERSISTENT_INDUSTRIAL_FLARE,lance_archive,lance_archive_rule,Tata Steel Jamshedpur Works,1.067,22.8,86.21
22.78704,86.20657,336.36,0.37,0.58,20260905,2046,N,VIIRS,70.0,2.0NRT,289.55,2.71,N,,0.7,,2.0,1943.1815818885063,328639.7269391061,1943.1815818885063,25000.0,30000.0,1,PERSISTENT_INDUSTRIAL_FLARE,lance_archive,lance_archive_rule,Tata Steel Jamshedpur Works,1.943,22.79,86.21
22.78942,86.19597,308.1,0.37,0.58,20260905,2046,N,VIIRS,70.0,2.0NRT,289.55,1.26,N,,0.7,,10.0,1735.0632586172019,327666.49717986386,1735.0632586172019,25000.0,30000.0,1,PERSISTENT_INDUSTRIAL_FLARE,lance_archive,lance_archive_rule,Tata Steel Jamshedpur Works,1.735,22.79,86.2
22.78863,86.19949,306.0,0.37,0.58,20260905,2046,N,VIIRS,70.0,2.0NRT,289.8,1.26,N,,0.7,,10.0,1728.3255121312689,327989.58422498027,1728.3255121312689,25000.0,30000.0,1,PERSISTENT_INDUSTRIAL_FLARE,lance_archive,lance_archive_rule,Tata Steel Jamshedpur Works,1.728,22.79,86.2
22.78784,86.20303,309.19,0.37,0.58,20260905,2046,N,VIIRS,70.0,2.0NRT,289.34,2.71,N,,0.7,,10.0,1800.009378646187,328314.75240344723,1800.009378646187,25000.0,30000.0,1,PERSISTENT_INDUSTRIAL_FLARE,lance_archive,lance_archive_rule,Tata Steel Jamshedpur Works,1.8,22.79,86.2
20.65857,78.49527,304.78,0.44,0.38,20260905,2049,N,VIIRS,70.0,2.0NRT,289.97,0.7,N,,0.7,,1.0,270959.8990917383,410912.7859958036,487398.0246189921,200.0,30000.0,2,AGRICULTURAL_BURNING,lance_archive,lance_archive_rule,cropland,270.96,20.66,78.5
21.11057,72.63561,313.66,0.45,0.39,20260905,2049,N,VIIRS,70.0,2.0NRT,293.99,4.62,N,,0.7,,17.0,986.9351910119627,125267.64157662942,4344.938751191113,25000.0,30000.0,1,PERSISTENT_INDUSTRIAL_FLARE,lance_archive,lance_archive_rule,ONGC Hazira Gas Processing Plant,0.987,21.11,72.64
21.10577,72.64375,331.2,0.45,0.39,20260905,2049,N,VIIRS,70.0,2.0NRT,294.54,8.99,N,,0.7,,17.0,704.7753468932344,125021.84213291516,4865.644942901317,25000.0,30000.0,1,PERSISTENT_INDUSTRIAL_FLARE,lance_archive,lance_archive_rule,ONGC Hazira Gas Processing Plant,0.705,21.11,72.64
21.10517,72.6481,316.64,0.45,0.39,20260905,2049,N,VIIRS,70.0,2.0NRT,294.04,6.41,N,,0.7,,21.0,824.737341047161,124742.07852268072,5267.361103778805,25000.0,30000.0,1,PERSISTENT_INDUSTRIAL_FLARE,lance_archive,lance_archive_rule,ONGC Hazira Gas Processing Plant,0.825,21.11,72.65
21.10341,72.63448,327.06,0.45,0.39,20260905,2049,N,VIIRS,70.0,2.0NRT,292.52,5.41,N,,0.7,,9.0,1450.2558469946223,125899.42894796202,3875.377765132788,25000.0,30000.0,1,PERSISTENT_INDUSTRIAL_FLARE,lance_archive,lance_archive_rule,ONGC Hazira Gas Processing Plant,1.45,21.1,72.63
21.1028,72.63883,305.88,0.45,0.39,20260905,2049,N,VIIRS,70.0,2.0NRT,292.33,4.18,N,,0.7,,26.0,1206.7183431725143,125619.08785241937,4272.359035588795,25000.0,30000.0,1,PERSISTENT_INDUSTRIAL_FLARE,lance_archive,lance_archive_rule,ONGC Hazira Gas Processing Plant,1.207,21.1,72.64
10.16814,78.80172,335.48,0.56,0.43,20260904,835,N,VIIRS,70.0,2.0NRT,300.33,6.42,D,,0.7,,1.0,268250.1212307526,183822.92806555427,603092.3792417854,200.0,30000.0,2,AGRICULTURAL_BURNING,lance_archive,lance_archive_rule,cropland,183.823,10.17,78.8
10.16672,78.79148,331.56,0.56,0.43,20260904,835,N,VIIRS,70.0,2.0NRT,300.74,8.56,D,,0.7,,1.0,267121.13076852926,184587.1691457737,602813.9653525514,200.0,30000.0,2,AGRICULTURAL_BURNING,lance_archive,lance_archive_rule,cropland,184.587,10.17,78.79
10.31339,79.34061,330.68,0.4,0.44,20260904,835,N,VIIRS,70.0,2.0NRT,296.16,2.09,D,,0.7,,1.0,328406.5426252389,142787.5722444036,613485.6111253351,200.0,30000.0,2,AGRICULTURAL_BURNING,lance_archive,lance_archive_rule,cropland,142.788,10.31,79.34
10.28257,78.88253,334.67,0.57,0.43,20260904,835,N,VIIRS,70.0,2.0NRT,298.75,2.52,D,,0.7,,1.0,278214.12502811785,168328.37279410017,594818.1299270345,200.0,30000.0,2,AGRICULTURAL_BURNING,lance_archive,lance_archive_rule,cropland,168.328,10.28,78.88
12.0522,78.36801,333.87,0.56,0.43,20260904,835,N,VIIRS,70.0,2.0NRT,298.13,4.2,D,,0.7,,1.0,239600.80726855807,161469.3068305687,392977.4889889168,200.0,30000.0,2,AGRICULTURAL_BURNING,lance_archive,lance_archive_rule,cropland,161.469,12.05,78.37
15.17642,76.65735,335.25,0.49,0.4,20260904,837,N,VIIRS,70.0,2.0NRT,297.04,5.16,D,,0.7,,32.0,1475.3684590186167,169170.77271351535,1475.3684590186167,25000.0,300.0,1,PERSISTENT_INDUSTRIAL_FLARE,lance_archive,lance_archive_rule,JSW Steel Vijayanagar,1.475,15.18,76.66
21.10191,72.63843,334.26,0.39,0.36,20260904,837,N,VIIRS,70.0,2.0NRT,293.93,7.03,D,,0.7,,26.0,1312.737974103166,125717.41385188606,4201.027210796666,25000.0,30000.0,1,PERSISTENT_INDUSTRIAL_FLARE,lance_archive,lance_archive_rule,ONGC Hazira Gas Processing Plant,1.313,21.1,72.64
21.10135,72.63466,332.85,0.39,0.36,20260904,837,N,VIIRS,70.0,2.0NRT,295.09,7.03,D,,0.7,,9.0,1597.7813933050397,125826.75610112726,3810.777256662787,25000.0,30000.0,1,PERSISTENT_INDUSTRIAL_FLARE,lance_archive,lance_archive_rule,ONGC Hazira Gas Processing Plant,1.598,21.1,72.63
21.10636,72.64542,344.24,0.39,0.36,20260904,837,N,VIIRS,70.0,2.0NRT,299.55,8.1,D,,0.7,,21.0,628.6509195629839,124851.26531909568,5050.885558143452,25000.0,30000.0,1,PERSISTENT_INDUSTRIAL_FLARE,lance_archive,lance_archive_rule,ONGC Hazira Gas Processing Plant,0.629,21.11,72.65
29.911,74.95192,341.22,0.39,0.44,20260904,839,N,VIIRS,70.0,2.0NRT,299.43,5.47,D,,0.7,,3.0,33080.49000144462,294627.0389507302,938913.3706771241,200.0,30000.0,2,AGRICULTURAL_BURNING,lance_archive,lance_archive_rule,cropland,33.08,29.91,74.95
32.24791,73.92658,332.01,0.55,0.43,20260904,839,N,VIIRS,70.0,2.0NRT,295.3,3.62,D,,0.7,,1.0,246146.16145048622,538557.6572294473,1181574.132109324,200.0,30000.0,2,AGRICULTURAL_BURNING,lance_archive,lance_archive_rule,cropland,246.146,32.25,73.93
13.1608,80.27946,307.93,0.77,0.78,20260904,1928,N,VIIRS,70.0,2.0NRT,285.03,1.92,N,,0.7,,6.0,2120.5794904250492,189927.2315372469,449041.5142578392,25000.0,30000.0,1,PERSISTENT_INDUSTRIAL_FLARE,lance_archive,lance_archive_rule,TN PetroProducts Manali,2.121,13.16,80.28
13.15911,80.28068,306.72,0.77,0.78,20260904,1928,N,VIIRS,70.0,2.0NRT,285.02,1.63,N,,0.7,,6.0,2347.4281672993397,189788.07523700094,449250.5494812797,25000.0,30000.0,1,PERSISTENT_INDUSTRIAL_FLARE,lance_archive,lance_archive_rule,TN PetroProducts Manali,2.347,13.16,80.28
21.10881,72.64918,305.26,0.4,0.37,20260904,2106,N,VIIRS,70.0,2.0NRT,291.28,2.05,N,,0.7,,21.0,560.2060140051019,124381.0978083344,5514.025060880812,25000.0,30000.0,1,PERSISTENT_INDUSTRIAL_FLARE,lance_archive,lance_archive_rule,ONGC Hazira Gas Processing Plant,0.56,21.11,72.65
21.10608,72.6447,333.02,0.4,0.37,20260904,2106,N,VIIRS,70.0,2.0NRT,292.63,7.31,N,,0.7,,17.0,659.0091572103686,124926.77112339792,4969.995801333854,25000.0,30000.0,1,PERSISTENT_INDUSTRIAL_FLARE,lance_archive,lance_archive_rule,ONGC Hazira Gas Processing Plant,0.659,21.11,72.64
21.10738,72.637,305.46,0.4,0.37,20260904,2106,N,VIIRS,70.0,2.0NRT,290.68,2.25,N,,0.7,,17.0,976.0031365777779,125406.09753172388,4297.45900499745,25000.0,30000.0,1,PERSISTENT_INDUSTRIAL_FLARE,lance_archive,lance_archive_rule,ONGC Hazira Gas Processing Plant,0.976,21.11,72.64
21.10544,72.64854,317.25,0.4,0.37,20260904,2106,N,VIIRS,70.0,2.0NRT,290.81,2.05,N,,0.7,,21.0,816.6572995446237,124688.36246238028,5320.2315148642565,25000.0,30000.0,1,PERSISTENT_INDUSTRIAL_FLARE,lance_archive,lance_archive_rule,ONGC Hazira Gas Processing Plant,0.817,21.11,72.65
21.10401,72.63636,332.65,0.4,0.37,20260904,2106,N,VIIRS,70.0,2.0NRT,290.83,4.0,N,,0.7,,26.0,1261.9927418012821,125712.01594725261,4081.0833336496266,25000.0,30000.0,1,PERSISTENT_INDUSTRIAL_FLARE,lance_archive,lance_archive_rule,ONGC Hazira Gas Processing Plant,1.262,21.1,72.64
21.10271,72.64404,302.63,0.4,0.37,20260904,2106,N,VIIRS,70.0,2.0NRT,287.6,1.38,N,,0.7,,26.0,1037.7899604578224,125235.35629883975,4782.404487833079,25000.0,30000.0,1,PERSISTENT_INDUSTRIAL_FLARE,lance_archive,lance_archive_rule,ONGC Hazira Gas Processing Plant,1.038,21.1,72.64
18.69389,73.04198,319.91,0.43,0.38,20260904,2106,N,VIIRS,70.0,2.0NRT,293.84,2.13,N,,0.7,,13.0,38851.70443598928,40525.12485440163,270412.69649733766,200.0,30000.0,2,AGRICULTURAL_BURNING,lance_archive,lance_archive_rule,cropland,38.852,18.69,73.04
18.6904,73.04131,317.38,0.43,0.38,20260904,2106,N,VIIRS,70.0,2.0NRT,292.88,2.13,N,,0.7,,13.0,39179.66555784639,40878.75169168293,270783.2068489999,200.0,30000.0,2,AGRICULTURAL_BURNING,lance_archive,lance_archive_rule,cropland,39.18,18.69,73.04
18.68064,73.03526,304.1,0.43,0.38,20260904,2106,N,VIIRS,70.0,2.0NRT,291.57,0.89,N,,0.7,,8.0,39937.52372883508,41758.37739061704,271746.2502056317,200.0,30000.0,2,AGRICULTURAL_BURNING,lance_archive,lance_archive_rule,cropland,39.938,18.68,73.04
18.2715,74.19861,304.38,0.49,0.4,20260904,2106,N,VIIRS,70.0,2.0NRT,290.01,0.84,N,,0.7,,1.0,148499.30885669254,158428.99645123968,355284.6897610613,200.0,30000.0,2,AGRICULTURAL_BURNING,lance_archive,lance_archive_rule,cropland,148.499,18.27,74.2
15.18121,76.66469,311.06,0.51,0.5,20260904,2108,N,VIIRS,70.0,2.0NRT,291.83,1.54,N,,0.7,,32.0,765.4725530652457,169121.36435566779,765.4725530652457,25000.0,300.0,1,PERSISTENT_INDUSTRIAL_FLARE,lance_archive,lance_archive_rule,JSW Steel Vijayanagar,0.765,15.18,76.66
15.1803,76.66946,304.37,0.51,0.5,20260904,2108,N,VIIRS,70.0,2.0NRT,291.72,1.54,N,,0.7,,39.0,304.4996507575803,169473.83960960503,304.4996507575803,25000.0,300.0,1,PERSISTENT_INDUSTRIAL_FLARE,lance_archive,lance_archive_rule,JSW Steel Vijayanagar,0.304,15.18,76.67
15.1785,76.65421,311.15,0.51,0.5,20260904,2108,N,VIIRS,70.0,2.0NRT,292.46,2.02,N,,0.7,,17.0,1802.693155677646,168799.26817665884,1802.693155677646,25000.0,300.0,1,PERSISTENT_INDUSTRIAL_FLARE,lance_archive,lance_archive_rule,JSW Steel Vijayanagar,1.803,15.18,76.65
15.17759,76.65895,316.42,0.51,0.5,20260904,2108,N,VIIRS,70.0,2.0NRT,292.36,2.02,N,,0.7,,32.0,1293.9639372869292,169147.55565650572,1293.9639372869292,25000.0,300.0,1,PERSISTENT_INDUSTRIAL_FLARE,lance_archive,lance_archive_rule,JSW Steel Vijayanagar,1.294,15.18,76.66
11.56157,77.70795,302.5,0.35,0.57,20260904,2108,N,VIIRS,70.0,2.0NRT,285.11,0.52,N,,0.7,,1.0,228103.94662622066,222820.76975162263,417476.470326978,200.0,30000.0,2,AGRICULTURAL_BURNING,lance_archive,lance_archive_rule,cropland,222.821,11.56,77.71
11.48045,77.62241,298.62,0.35,0.56,20260904,2108,N,VIIRS,70.0,2.0NRT,264.84,0.77,N,,0.7,,2.0,215140.6095563168,232219.82653494028,423834.98845662875,200.0,30000.0,2,AGRICULTURAL_BURNING,lance_archive,lance_archive_rule,cropland,215.141,11.48,77.62
11.48001,77.62247,300.66,0.35,0.56,20260904,2108,N,VIIRS,70.0,2.0NRT,266.67,0.59,N,,0.7,,2.0,215109.97196198042,232214.6850847735,423884.04751751083,200.0,30000.0,2,AGRICULTURAL_BURNING,lance_archive,lance_archive_rule,cropland,215.11,11.48,77.62
11.42084,77.48328,312.92,0.34,0.56,20260904,2108,N,VIIRS,70.0,2.0NRT,284.16,0.82,N,,0.7,,1.0,199938.71757814146,247643.38220522454,426920.06659410906,200.0,300.0,2,AGRICULTURAL_BURNING,lance_archive,lance_archive_rule,cropland,199.939,11.42,77.48
10.61797,77.50148,308.59,0.35,0.57,20260904,2108,N,VIIRS,70.0,2.0NRT,287.83,0.82,N,,0.7,,2.0,143157.89383517017,265883.6991713177,514975.45034916786,200.0,30000.0,2,AGRICULTURAL_BURNING,lance_archive,lance_archive_rule,cropland,143.158,10.62,77.5
10.61668,77.42152,304.1,0.35,0.56,20260904,2108,N,VIIRS,70.0,2.0NRT,289.3,0.28,N,,0.7,,2.0,135507.16216513264,274020.5211941669,513673.9869123497,200.0,300.0,2,AGRICULTURAL_BURNING,lance_archive,lance_archive_rule,cropland,135.507,10.62,77.42
27.98973,94.2222,336.75,0.42,0.38,20260830,652,N,VIIRS,70.0,2.0NRT,297.24,18.02,D,,0.7,,1.0,126501.14068924707,1302193.397352192,939498.8450545216,25000.0,300.0,3,WILDFIRE,lance_archive,lance_archive_rule,forest,126.501,27.99,94.22
10.00316,76.4542,333.81,0.39,0.36,20260830,828,N,VIIRS,70.0,2.0NRT,298.59,0.94,D,,0.7,,1.0,10607.357059003047,398425.7995477613,575896.3654562874,200.0,30000.0,2,AGRICULTURAL_BURNING,lance_archive,lance_archive_rule,cropland,10.607,10.0,76.45
11.80984,77.21425,335.6,0.41,0.37,20260830,828,N,VIIRS,70.0,2.0NRT,301.41,61.33,D,,0.7,,2.0,218316.92163360625,278179.4650006084,379099.02577433595,200.0,300.0,3,WILDFIRE,lance_archive,lance_archive_rule,forest,218.317,11.81,77.21
12.07999,76.99017,338.02,0.41,0.37,20260830,828,N,VIIRS,70.0,2.0NRT,303.8,3.7,D,,0.7,,1.0,235712.58809723338,306822.8346205122,346204.8589680954,200.0,300.0,2,AGRICULTURAL_BURNING,lance_archive,lance_archive_rule,cropland,235.713,12.08,76.99
12.48661,76.3177,336.89,0.39,0.37,20260830,828,N,VIIRS,70.0,2.0NRT,298.79,3.61,D,,0.7,,1.0,162833.3342324295,388406.3775575425,301689.6991439594,200.0,300.0,2,AGRICULTURAL_BURNING,lance_archive,lance_archive_rule,cropland,162.833,12.49,76.32
19.7772,73.79005,333.97,0.39,0.36,20260830,830,N,VIIRS,70.0,2.0NRT,293.26,2.03,D,,0.7,,1.0,90079.23807554811,113379.31026791064,191531.87079950768,200.0,30000.0,2,AGRICULTURAL_BURNING,lance_archive,lance_archive_rule,cropland,90.079,19.78,73.79
21.17639,74.58324,334.94,0.4,0.37,20260830,830,N,VIIRS,70.0,2.0NRT,291.83,1.91,D,,0.7,,1.0,174089.0477316603,134967.71206034592,174089.0477316603,200.0,30000.0,2,AGRICULTURAL_BURNING,lance_archive,lance_archive_rule,cropland,134.968,21.18,74.58
30.16407,74.51582,331.57,0.47,0.4,20260830,835,N,VIIRS,50.0,2.0NRT,302.09,3.35,D,,0.5,,1.0,40298.931821767605,345071.5843604331,958482.8441797963,200.0,300.0,2,AGRICULTURAL_BURNING,lance_archive,lance_archive_rule,cropland,40.299,30.16,74.52
30.35123,73.65195,334.44,0.44,0.38,20260830,835,N,VIIRS,70.0,2.0NRT,300.2,1.82,D,,0.7,,1.0,123943.80208621403,427882.2328778603,969284.2251387999,200.0,30000.0,2,AGRICULTURAL_BURNING,lance_archive,lance_archive_rule,cropland,123.944,30.35,73.65
30.51386,73.90864,335.57,0.45,0.39,20260830,835,N,VIIRS,70.0,2.0NRT,299.41,2.87,D,,0.7,,1.0,103909.65782171783,415028.0949939045,989382.9278188996,200.0,30000.0,2,AGRICULTURAL_BURNING,lance_archive,lance_archive_rule,cropland,103.91,30.51,73.91
31.10913,74.49384,345.2,0.48,0.4,20260830,835,N,VIIRS,70.0,2.0NRT,299.84,9.69,D,,0.7,,1.0,108612.66675437655,410079.2731988365,1061941.6128896018,200.0,300.0,2,AGRICULTURAL_BURNING,lance_archive,lance_archive_rule,cropland,108.613,31.11,74.49
31.12675,74.30208,342.96,0.47,0.4,20260830,835,N,VIIRS,70.0,2.0NRT,300.91,4.14,D,,0.7,,1.0,118601.6814330025,424903.4789950685,1061354.3192928052,200.0,300.0,2,AGRICULTURAL_BURNING,lance_archive,lance_archive_rule,cropland,118.602,31.13,74.3
31.2082,73.91856,337.22,0.46,0.39,20260830,835,N,VIIRS,70.0,2.0NRT,300.68,3.87,D,,0.7,,2.0,147499.17113441252,458593.29584114486,1066336.3504496575,200.0,30000.0,2,AGRICULTURAL_BURNING,lance_archive,lance_archive_rule,cropland,147.499,31.21,73.92
31.2118,73.91795,331.16,0.46,0.39,20260830,835,N,VIIRS,70.0,2.0NRT,299.86,2.3,D,,0.7,,2.0,147838.2749620862,458891.0115805848,1066729.6985261722,200.0,30000.0,2,AGRICULTURAL_BURNING,lance_archive,lance_archive_rule,cropland,147.838,31.21,73.92
21.1016,72.63586,315.23,0.38,0.36,20260830,2059,N,VIIRS,70.0,2.0NRT,282.26,1.65,N,,0.7,,26.0,1495.4225263431804,125845.09390266599,3937.4751358210624,25000.0,30000.0,1,PERSISTENT_INDUSTRIAL_FLARE,lance_archive,lance_archive_rule,ONGC Hazira Gas Processing Plant,1.495,21.1,72.64
21.10102,72.63954,295.93,0.38,0.36,20260830,2059,N,VIIRS,70.0,2.0NRT,281.97,0.49,N,,0.7,,26.0,1345.9006061763525,125702.49141189716,4281.105366298304,25000.0,30000.0,1,PERSISTENT_INDUSTRIAL_FLARE,lance_archive,lance_archive_rule,ONGC Hazira Gas Processing Plant,1.346,21.1,72.64
19.93695,73.71136,323.05,0.4,0.37,20260830,2059,N,VIIRS,70.0,2.0NRT,287.35,2.32,N,,0.7,,3.0,98622.88425991501,103066.58125018505,172725.38128328032,200.0,30000.0,2,AGRICULTURAL_BURNING,lance_archive,lance_archive_rule,cropland,98.623,19.94,73.71
18.54634,74.25378,311.92,0.42,0.38,20260830,2059,N,VIIRS,70.0,2.0NRT,289.64,1.13,N,,0.7,,3.0,133869.12715003832,149444.1753344389,331544.5590370137,200.0,30000.0,2,AGRICULTURAL_BURNING,lance_archive,lance_archive_rule,cropland,133.869,18.55,74.25
18.69302,73.0416,319.89,0.39,0.36,20260830,2059,N,VIIRS,70.0,2.0NRT,293.8,3.62,N,,0.7,,13.0,38924.396294168684,40607.01235966236,270501.2509655284,200.0,30000.0,2,AGRICULTURAL_BURNING,lance_archive,lance_archive_rule,cropland,38.924,18.69,73.04
18.68969,73.04101,304.97,0.39,0.36,20260830,2059,N,VIIRS,70.0,2.0NRT,291.93,1.57,N,,0.7,,13.0,39239.7407880786,40946.08856722992,270855.6770771897,200.0,30000.0,2,AGRICULTURAL_BURNING,lance_archive,lance_archive_rule,cropland,39.24,18.69,73.04
15.1825,76.66548,315.65,0.41,0.45,20260830,2101,N,VIIRS,70.0,2.0NRT,280.75,1.46,N,,0.7,,39.0,775.4288060039411,169042.7711676448,775.4288060039411,25000.0,300.0,1,PERSISTENT_INDUSTRIAL_FLARE,lance_archive,lance_archive_rule,JSW Steel Vijayanagar,0.775,15.18,76.67
15.18182,76.66927,302.97,0.41,0.45,20260830,2101,N,VIIRS,70.0,2.0NRT,282.18,1.46,N,,0.7,,39.0,463.565358633984,169318.93748518758,463.565358633984,25000.0,300.0,1,PERSISTENT_INDUSTRIAL_FLARE,lance_archive,lance_archive_rule,JSW Steel Vijayanagar,0.464,15.18,76.67
15.17842,76.66464,301.31,0.41,0.45,20260830,2101,N,VIIRS,70.0,2.0NRT,282.67,1.47,N,,0.7,,32.0,684.1257886730006,169383.89271162383,684.1257886730006,25000.0,300.0,1,PERSISTENT_INDUSTRIAL_FLARE,lance_archive,lance_archive_rule,JSW Steel Vijayanagar,0.684,15.18,76.66
15.17636,76.67603,312.47,0.41,0.45,20260830,2101,N,VIIRS,70.0,2.0NRT,284.26,2.05,N,,0.7,,15.0,569.7731754631683,170215.3813361413,569.7731754631683,25000.0,300.0,1,PERSISTENT_INDUSTRIAL_FLARE,lance_archive,lance_archive_rule,JSW Steel Vijayanagar,0.57,15.18,76.68
15.17362,76.69113,301.13,0.41,0.45,20260830,2101,N,VIIRS,70.0,2.0NRT,281.35,0.52,N,,0.7,,9.0,2214.515897727906,171326.1861721506,2214.515897727906,25000.0,300.0,1,PERSISTENT_INDUSTRIAL_FLARE,lance_archive,lance_archive_rule,JSW Steel Vijayanagar,2.215,15.17,76.69
15.1757,76.65623,320.74,0.41,0.45,20260830,2101,N,VIIRS,70.0,2.0NRT,283.06,3.12,N,,0.7,,32.0,1605.5675372699193,169177.73669246898,1605.5675372699193,25000.0,300.0,1,PERSISTENT_INDUSTRIAL_FLARE,lance_archive,lance_archive_rule,JSW Steel Vijayanagar,1.606,15.18,76.66
15.16888,76.67051,297.02,0.41,0.45,20260830,2101,N,VIIRS,70.0,2.0NRT,279.46,0.4,N,,0.7,,8.0,1015.4602400999988,170617.600467791,1015.4602400999988,25000.0,300.0,1,PERSISTENT_INDUSTRIAL_FLARE,lance_archive,lance_archive_rule,JSW Steel Vijayanagar,1.015,15.17,76.67
11.62482,79.08276,304.91,0.34,0.56,20260830,2101,N,VIIRS,70.0,2.0NRT,283.7,0.94,N,,0.7,,1.0,213789.62290361716,73736.61255763858,473422.8906104006,200.0,30000.0,2,AGRICULTURAL_BURNING,lance_archive,lance_archive_rule,cropland,73.737,11.62,79.08
32.13232,74.17843,312.92,0.39,0.36,20260830,2055,N,VIIRS,70.0,2.0NRT,295.18,0.79,N,,0.7,,1.0,225664.4864122056,513365.1184165507,1171021.1985169796,200.0,300.0,2,AGRICULTURAL_BURNING,lance_archive,lance_archive_rule,cropland,225.664,32.13,74.18
32.08741,74.15643,308.49,0.39,0.36,20260830,2055,N,VIIRS,70.0,2.0NRT,294.49,0.65,N,,0.7,,4.0,221628.990056043,510900.17605894775,1165836.802705689,200.0,300.0,2,AGRICULTURAL_BURNING,lance_archive,lance_archive_rule,cropland,221.629,32.09,74.16
32.0868,74.16059,315.49,0.39,0.36,20260830,2055,N,VIIRS,70.0,2.0NRT,294.79,2.11,N,,0.7,,4.0,221433.5777115711,510593.62895130593,1165810.447883595,200.0,300.0,2,AGRICULTURAL_BURNING,lance_archive,lance_archive_rule,cropland,221.434,32.09,74.16
31.64126,74.42704,308.12,0.39,0.36,20260830,2055,N,VIIRS,70.0,2.0NRT,295.23,0.49,N,,0.7,,1.0,166490.25352816333,456769.2701364126,1119628.7531446593,200.0,300.0,2,AGRICULTURAL_BURNING,lance_archive,lance_archive_rule,cropland,166.49,31.64,74.43
31.61482,74.37532,311.52,0.39,0.36,20260830,2055,N,VIIRS,70.0,2.0NRT,295.45,0.61,N,,0.7,,1.0,165199.5212112824,457904.3246140919,1116068.7091539288,200.0,300.0,2,AGRICULTURAL_BURNING,lance_archive,lance_archive_rule,cropland,165.2,31.61,74.38
29.4759,76.85623,311.77,0.41,0.37,20260830,2057,N,VIIRS,70.0,2.0NRT,289.97,2.28,N,,0.7,,11.0,13824.434286811897,123253.53025593379,952311.8672823162,200.0,30000.0,2,AGRICULTURAL_BURNING,lance_archive,lance_archive_rule,cropland,13.824,29.48,76.86
29.45914,76.89161,316.03,0.41,0.37,20260830,2057,N,VIIRS,70.0,2.0NRT,292.1,3.18,N,,0.7,,3.0,9932.043738439652,119810.27286219184,952074.8703517468,200.0,30000.0,2,AGRICULTURAL_BURNING,lance_archive,lance_archive_rule,cropland,9.932,29.46,76.89
28.74306,76.92912,316.04,0.42,0.38,20260830,2057,N,VIIRS,70.0,2.0NRT,291.02,1.91,N,,0.7,,3.0,33773.10017405964,65052.950850836365,882359.0505900426,200.0,30000.0,2,AGRICULTURAL_BURNING,lance_archive,lance_archive_rule,cropland,33.773,28.74,76.93
27.66938,76.12862,299.11,0.41,0.37,20260830,2057,N,VIIRS,70.0,2.0NRT,279.78,0.32,N,,0.7,,2.0,4570.967792494671,171414.6551231149,740406.5981050171,200.0,30000.0,2,AGRICULTURAL_BURNING,lance_archive,lance_archive_rule,cropland,4.571,27.67,76.13
27.66868,76.13271,296.11,0.41,0.37,20260830,2057,N,VIIRS,70.0,2.0NRT,276.77,0.32,N,,0.7,,2.0,4172.6368045211875,171131.43910158175,740514.0270072246,200.0,30000.0,2,AGRICULTURAL_BURNING,lance_archive,lance_archive_rule,cropland,4.173,27.67,76.13
25.94431,72.19051,325.37,0.4,0.37,20260830,2057,N,VIIRS,70.0,2.0NRT,295.03,2.14,N,,0.7,,11.0,1780.724986369581,428740.45737192966,483694.5118018963,25000.0,30000.0,1,PERSISTENT_INDUSTRIAL_FLARE,lance_archive,lance_archive_rule,RIICO Balotra Industrial & Dyeing Area,1.781,25.94,72.19
25.9433,72.19072,329.62,0.4,0.37,20260830,2057,N,VIIRS,70.0,2.0NRT,294.95,2.98,N,,0.7,,11.0,1700.1993979204992,428662.8315808513,483580.27127045556,25000.0,30000.0,1,PERSISTENT_INDUSTRIAL_FLARE,lance_archive,lance_archive_rule,RIICO Balotra Industrial & Dyeing Area,1.7,25.94,72.19
11.62862,78.61463,331.27,0.4,0.37,20260831,807,N,VIIRS,50.0,2.0NRT,298.12,4.3,D,,0.5,,2.0,247206.5659933047,124468.76665573321,447156.4288192628,200.0,30000.0,2,AGRICULTURAL_BURNING,lance_archive,lance_archive_rule,cropland,124.469,11.63,78.61
11.52704,77.24921,330.49,0.45,0.39,20260831,809,N,VIIRS,50.0,2.0NRT,299.28,3.56,D,,0.5,,2.0,193441.22453070464,272790.6637909192,410757.72187682736,200.0,300.0,2,AGRICULTURAL_BURNING,lance_archive,lance_archive_rule,cropland,193.441,11.53,77.25
11.52934,77.24984,332.74,0.45,0.39,20260831,809,N,VIIRS,70.0,2.0NRT,298.98,4.63,D,,0.7,,2.0,193691.4012120017,272720.51126653014,410515.30231949734,200.0,300.0,2,AGRICULTURAL_BURNING,lance_archive,lance_archive_rule,cropland,193.691,11.53,77.25
11.73493,77.98431,331.16,0.42,0.37,20260831,809,N,VIIRS,70.0,2.0NRT,299.52,3.07,D,,0.7,,1.0,262865.2917907039,193946.0077572636,408337.2948016322,200.0,30000.0,2,AGRICULTURAL_BURNING,lance_archive,lance_archive_rule,cropland,193.946,11.73,77.98
11.99381,79.54753,350.08,0.39,0.36,20260831,809,N,VIIRS,70.0,2.0NRT,310.35,8.02,D,,0.7,,1.0,151575.00405765744,56010.85900261907,471162.9288982637,200.0,30000.0,2,AGRICULTURAL_BURNING,lance_archive,lance_archive_rule,cropland,56.011,11.99,79.55
11.99713,79.547,346.13,0.39,0.36,20260831,809,N,VIIRS,70.0,2.0NRT,308.36,8.02,D,,0.7,,1.0,151286.162795639,56372.3777293705,470846.39175374695,200.0,30000.0,2,AGRICULTURAL_BURNING,lance_archive,lance_archive_rule,cropland,56.372,12.0,79.55
11.80935,77.92519,331.34,0.42,0.38,20260831,809,N,VIIRS,50.0,2.0NRT,292.97,2.83,D,,0.5,,1.0,264358.6058938415,201415.9186813041,398361.08935201407,200.0,30000.0,2,AGRICULTURAL_BURNING,lance_archive,lance_archive_rule,cropland,201.416,11.81,77.93
12.05555,79.07794,330.89,0.39,0.36,20260831,809,N,VIIRS,50.0,2.0NRT,302.51,2.96,D,,0.5,,1.0,177960.58771359883,93745.28802696575,433807.2437037408,200.0,30000.0,2,AGRICULTURAL_BURNING,lance_archive,lance_archive_rule,cropland,93.745,12.06,79.08
28.12977,76.78864,335.41,0.39,0.36,20260831,813,N,VIIRS,70.0,2.0NRT,296.53,2.37,D,,0.7,,1.0,42203.062310429945,89016.2019120273,815781.3408409876,200.0,30000.0,2,AGRICULTURAL_BURNING,lance_archive,lance_archive_rule,cropland,42.203,28.13,76.79
31.1293,74.65489,341.05,0.39,0.36,20260831,813,N,VIIRS,70.0,2.0NRT,298.33,4.79,D,,0.7,,2.0,105816.58613311755,400604.69086709496,1066538.5341187282,200.0,300.0,2,AGRICULTURAL_BURNING,lance_archive,lance_archive_rule,cropland,105.817,31.13,74.65
31.37494,74.45004,346.78,0.39,0.36,20260831,813,N,VIIRS,70.0,2.0NRT,300.46,6.1,D,,0.7,,1.0,137682.03630438726,433708.81515576725,1090592.6503666593,200.0,300.0,2,AGRICULTURAL_BURNING,lance_archive,lance_archive_rule,cropland,137.682,31.37,74.45
11.81802,77.91586,308.19,0.44,0.39,20260831,2044,N,VIIRS,70.0,2.0NRT,291.36,1.71,N,,0.7,,5.0,264357.64678029873,202566.01148027324,397110.9827545602,200.0,30000.0,2,AGRICULTURAL_BURNING,lance_archive,lance_archive_rule,cropland,202.566,11.82,77.92
11.81027,77.91869,306.89,0.44,0.39,20260831,2044,N,VIIRS,70.0,2.0NRT,292.03,2.44,N,,0.7,,10.0,263944.39503072866,202130.72759391874,398026.1358256929,200.0,30000.0,2,AGRICULTURAL_BURNING,lance_archive,lance_archive_rule,cropland,202.131,11.81,77.92
11.80957,77.92274,309.05,0.44,0.39,20260831,2044,N,VIIRS,70.0,2.0NRT,293.67,1.65,N,,0.7,,10.0,264192.1294058844,201683.23445198705,398247.9908171917,200.0,30000.0,2,AGRICULTURAL_BURNING,lance_archive,lance_archive_rule,cropland,201.683,11.81,77.92
11.18313,79.09899,304.24,0.51,0.41,20260831,2044,N,VIIRS,70.0,2.0NRT,283.87,0.5,N,,0.7,,4.0,254072.4529749417,81168.45808795078,516128.1519163116,200.0,30000.0,2,AGRICULTURAL_BURNING,lance_archive,lance_archive_rule,cropland,81.168,11.18,79.1
11.08366,78.75399,311.37,0.5,0.41,20260831,2044,N,VIIRS,70.0,2.0NRT,294.08,2.89,N,,0.7,,3.0,283570.0807029233,119794.25217880089,508058.42607196583,200.0,30000.0,2,AGRICULTURAL_BURNING,lance_archive,lance_archive_rule,cropland,119.794,11.08,78.75
10.94284,78.06322,316.81,0.46,0.39,20260831,2044,N,VIIRS,70.0,2.0NRT,294.36,1.41,N,,0.7,,1.0,214344.45348062884,195589.17590368987,494472.45917049504,200.0,30000.0,2,AGRICULTURAL_BURNING,lance_archive,lance_archive_rule,cropland,195.589,10.94,78.06
10.41461,77.11382,305.75,0.43,0.38,20260831,2044,N,VIIRS,70.0,2.0NRT,289.06,0.43,N,,0.7,,1.0,95130.77394651088,313742.6262210334,531835.3537960746,200.0,30000.0,2,AGRICULTURAL_BURNING,lance_archive,lance_archive_rule,cropland,95.131,10.41,77.11
29.47525,76.859,314.13,0.43,0.38,20260831,2038,N,VIIRS,70.0,2.0NRT,292.51,2.78,N,,0.7,,11.0,13558.181420668994,123044.12916308206,952359.4461114584,200.0,30000.0,2,AGRICULTURAL_BURNING,lance_archive,lance_archive_rule,cropland,13.558,29.48,76.86
29.4606,76.88784,308.38,0.43,0.38,20260831,2038,N,VIIRS,70.0,2.0NRT,292.7,2.34,N,,0.7,,3.0,10327.190251284876,120145.4876429673,952066.5055505772,200.0,30000.0,2,AGRICULTURAL_BURNING,lance_archive,lance_archive_rule,cropland,10.327,29.46,76.89
21.10902,72.64436,299.5,0.54,0.42,20260831,2040,N,VIIRS,70.0,2.0NRT,284.52,1.6,N,,0.7,,17.0,337.94599300646826,124726.69056014721,5064.630063221644,25000.0,30000.0,1,PERSISTENT_INDUSTRIAL_FLARE,lance_archive,lance_archive_rule,ONGC Hazira Gas Processing Plant,0.338,21.11,72.64
21.10513,72.64378,330.75,0.54,0.42,20260831,2040,N,VIIRS,70.0,2.0NRT,287.66,5.89,N,,0.7,,17.0,774.3212413610631,125068.75055848023,4843.3803836387515,25000.0,30000.0,1,PERSISTENT_INDUSTRIAL_FLARE,lance_archive,lance_archive_rule,ONGC Hazira Gas Processing Plant,0.774,21.11,72.64
18.59601,74.25494,317.81,0.43,0.38,20260831,2042,N,VIIRS,70.0,2.0NRT,290.26,1.7,N,,0.7,,1.0,131038.40025514922,147584.05432277027,326895.82276566373,200.0,30000.0,2,AGRICULTURAL_BURNING,lance_archive,lance_archive_rule,cropland,131.038,18.6,74.25
18.68646,73.02973,306.48,0.48,0.4,20260831,2042,N,VIIRS,70.0,2.0NRT,288.82,1.93,N,,0.7,,8.0,39121.319586156395,40987.115675757894,271011.6686543597,200.0,30000.0,2,AGRICULTURAL_BURNING,lance_archive,lance_archive_rule,cropland,39.121,18.69,73.03
18.68213,73.03376,305.47,0.48,0.4,20260831,2042,N,VIIRS,70.0,2.0NRT,292.44,1.93,N,,0.7,,11.0,39725.06108373317,41558.33290424251,271556.64058700786,200.0,30000.0,2,AGRICULTURAL_BURNING,lance_archive,lance_archive_rule,cropland,39.725,18.68,73.03
18.68149,73.03835,311.06,0.48,0.4,20260831,2042,N,VIIRS,70.0,2.0NRT,292.45,3.11,N,,0.7,,8.0,39972.23660980066,41750.434776298214,271707.3584272771,200.0,30000.0,2,AGRICULTURAL_BURNING,lance_archive,lance_archive_rule,cropland,39.972,18.68,73.04
18.42431,74.38948,307.81,0.42,0.38,20260831,2042,N,VIIRS,70.0,2.0NRT,290.41,0.44,N,,0.7,,1.0,153310.52101609978,167947.28914601155,350599.1219532009,200.0,30000.0,2,AGRICULTURAL_BURNING,lance_archive,lance_archive_rule,cropland,153.311,18.42,74.39
30.67169,73.90612,334.61,0.41,0.45,20260901,756,N,VIIRS,70.0,2.0NRT,294.93,3.03,D,,0.7,,1.0,111044.10700333174,424474.3432172631,1006828.2034923141,200.0,30000.0,2,AGRICULTURAL_BURNING,lance_archive,lance_archive_rule,cropland,111.044,30.67,73.91
10.015,78.08784,345.21,0.53,0.5,20260901,750,N,VIIRS,70.0,2.0NRT,304.53,8.15,D,,0.7,,1.0,189442.21650946874,248066.43845403407,594316.2086987142,200.0,30000.0,2,AGRICULTURAL_BURNING,lance_archive,lance_archive_rule,cropland,189.442,10.02,78.09
10.38719,79.27933,343.55,0.44,0.46,20260901,750,N,VIIRS,70.0,2.0NRT,305.99,11.34,D,,0.7,,1.0,322717.6584786387,137398.22559342804,603100.9769491766,200.0,30000.0,2,AGRICULTURAL_BURNING,lance_archive,lance_archive_rule,cropland,137.398,10.39,79.28
10.44507,78.80642,332.13,0.47,0.48,20260901,750,N,VIIRS,50.0,2.0NRT,302.64,3.98,D,,0.5,,2.0,272627.321366552,159006.64493811812,574927.7968987768,200.0,30000.0,2,AGRICULTURAL_BURNING,lance_archive,lance_archive_rule,cropland,159.007,10.45,78.81
10.44559,78.8073,332.18,0.47,0.48,20260901,750,N,VIIRS,70.0,2.0NRT,301.71,5.72,D,,0.7,,2.0,272732.43179903965,158900.2232927373,574913.1896022977,200.0,30000.0,2,AGRICULTURAL_BURNING,lance_archive,lance_archive_rule,cropland,158.9,10.45,78.81
10.67588,78.80834,334.64,0.46,0.47,20260901,750,N,VIIRS,50.0,2.0NRT,305.76,4.1,D,,0.5,,1.0,278621.41980854765,140308.71433462278,551577.0128503863,200.0,30000.0,2,AGRICULTURAL_BURNING,lance_archive,lance_archive_rule,cropland,140.309,10.68,78.81
10.86091,79.81236,332.03,0.4,0.44,20260901,750,N,VIIRS,70.0,2.0NRT,298.78,0.93,D,,0.7,,2.0,261054.1788819504,74902.18540185363,588381.0874339141,200.0,30000.0,2,AGRICULTURAL_BURNING,lance_archive,lance_archive_rule,cropland,74.902,10.86,79.81
10.74769,78.83463,344.12,0.46,0.47,20260901,750,N,VIIRS,70.0,2.0NRT,306.06,6.13,D,,0.7,,1.0,283621.2686338665,132832.49027923826,545544.4399385083,200.0,30000.0,2,AGRICULTURAL_BURNING,lance_archive,lance_archive_rule,cropland,132.832,10.75,78.83
10.77378,78.65028,335.4,0.47,0.48,20260901,750,N,VIIRS,50.0,2.0NRT,307.67,5.62,D,,0.5,,3.0,265356.4987642536,146902.47444407153,534604.1495423717,200.0,30000.0,2,AGRICULTURAL_BURNING,lance_archive,lance_archive_rule,cropland,146.902,10.77,78.65
11.01958,79.83994,336.41,0.39,0.44,20260901,750,N,VIIRS,70.0,2.0NRT,303.87,2.22,D,,0.7,,2.0,243158.42024916314,57761.86137279234,575790.7961186863,200.0,30000.0,2,AGRICULTURAL_BURNING,lance_archive,lance_archive_rule,cropland,57.762,11.02,79.84
11.01218,79.41254,334.72,0.42,0.45,20260901,750,N,VIIRS,70.0,2.0NRT,302.36,1.56,D,,0.7,,2.0,256696.49059988474,68697.96624935277,550168.3551855568,200.0,30000.0,2,AGRICULTURAL_BURNING,lance_archive,lance_archive_rule,cropland,68.698,11.01,79.41
11.00781,77.43622,332.41,0.56,0.52,20260901,750,N,VIIRS,70.0,2.0NRT,299.6,7.15,D,,0.7,,1.0,163263.05147580695,259281.58750798868,471048.16874851333,200.0,300.0,2,AGRICULTURAL_BURNING,lance_archive,lance_archive_rule,cropland,163.263,11.01,77.44
11.14795,78.03258,336.34,0.51,0.49,20260901,750,N,VIIRS,70.0,2.0NRT,300.6,4.53,D,,0.7,,4.0,223664.1613265681,192366.62276812457,471736.7552459974,200.0,30000.0,2,AGRICULTURAL_BURNING,lance_archive,lance_archive_rule,cropland,192.367,11.15,78.03
11.69378,79.12559,336.91,0.43,0.46,20260901,750,N,VIIRS,70.0,2.0NRT,304.65,3.94,D,,0.7,,2.0,204852.86170622005,70664.7756152421,469624.5939536772,200.0,30000.0,2,AGRICULTURAL_BURNING,lance_archive,lance_archive_rule,cropland,70.665,11.69,79.13
11.69394,79.12669,334.62,0.43,0.46,20260901,750,N,VIIRS,50.0,2.0NRT,305.59,5.89,D,,0.5,,2.0,204766.98853994106,70553.43857098362,469677.10524368944,200.0,30000.0,2,AGRICULTURAL_BURNING,lance_archive,lance_archive_rule,cropland,70.553,11.69,79.13
11.69813,79.12595,355.18,0.43,0.46,20260901,750,N,VIIRS,70.0,2.0NRT,304.79,5.89,D,,0.7,,2.0,204441.91750872775,70751.0888510268,469246.3603472567,200.0,30000.0,2,AGRICULTURAL_BURNING,lance_archive,lance_archive_rule,cropland,70.751,11.7,79.13
11.83094,79.66526,331.46,0.39,0.44,20260901,750,N,VIIRS,50.0,2.0NRT,303.93,1.86,D,,0.5,,1.0,161958.22832371155,34586.41739310565,493241.4063245289,200.0,30000.0,2,AGRICULTURAL_BURNING,lance_archive,lance_archive_rule,cropland,34.586,11.83,79.67
12.05853,79.84698,331.63,0.57,0.43,20260901,750,N,VIIRS,70.0,2.0NRT,299.32,3.58,D,,0.7,,2.0,131144.86566752126,59434.385600511414,487939.854082532,200.0,30000.0,2,AGRICULTURAL_BURNING,lance_archive,lance_archive_rule,cropland,59.434,12.06,79.85
12.09285,79.56569,341.02,0.39,0.44,20260901,750,N,VIIRS,70.0,2.0NRT,303.15,4.53,D,,0.7,,3.0,141133.96981496172,65611.33866858028,464222.0191896683,200.0,30000.0,2,AGRICULTURAL_BURNING,lance_archive,lance_archive_rule,cropland,65.611,12.09,79.57
12.09304,79.56533,342.44,0.39,0.44,20260901,750,N,VIIRS,70.0,2.0NRT,303.39,2.38,D,,0.7,,3.0,141136.8256640263,65643.5996106655,464180.12082328903,200.0,30000.0,2,AGRICULTURAL_BURNING,lance_archive,lance_archive_rule,cropland,65.644,12.09,79.57
12.13102,78.14007,332.63,0.49,0.48,20260901,750,N,VIIRS,70.0,2.0NRT,299.71,8.28,D,,0.7,,1.0,256993.99982302726,187750.55229710124,374140.98834157985,200.0,30000.0,2,AGRICULTURAL_BURNING,lance_archive,lance_archive_rule,cropland,187.751,12.13,78.14
12.38799,79.56133,332.27,0.39,0.44,20260901,750,N,VIIRS,70.0,2.0NRT,303.14,2.06,D,,0.7,,1.0,114950.47919417519,97438.60389779837,440057.347345603,200.0,30000.0,2,AGRICULTURAL_BURNING,lance_archive,lance_archive_rule,cropland,97.439,12.39,79.56
21.10572,72.64465,331.23,0.36,0.57,20260901,2021,N,VIIRS,70.0,2.0NRT,285.01,4.16,N,,0.7,,17.0,699.2473450060137,124958.17904075554,4950.887140493417,25000.0,30000.0,1,PERSISTENT_INDUSTRIAL_FLARE,lance_archive,lance_archive_rule,ONGC Hazira Gas Processing Plant,0.699,21.11,72.64
12.29417,79.93931,325.11,0.38,0.36,20260901,2023,N,VIIRS,70.0,2.0NRT,291.53,1.98,N,,0.7,,4.0,103094.07485305125,87139.85598436456,476887.4484998074,200.0,30000.0,2,AGRICULTURAL_BURNING,lance_archive,lance_archive_rule,cropland,87.14,12.29,79.94
21.10537,72.64811,310.93,0.35,0.57,20260901,2021,N,VIIRS,70.0,2.0NRT,284.27,2.9,N,,0.7,,21.0,804.7204810492926,124725.92673852504,5275.503297772576,25000.0,30000.0,1,PERSISTENT_INDUSTRIAL_FLARE,lance_archive,lance_archive_rule,ONGC Hazira Gas Processing Plant,0.805,21.11,72.65
21.10147,72.63356,308.84,0.36,0.57,20260901,2021,N,VIIRS,70.0,2.0NRT,282.25,1.18,N,,0.7,,9.0,1667.120310354567,125848.76949040953,3707.8603672319487,25000.0,30000.0,1,PERSISTENT_INDUSTRIAL_FLARE,lance_archive,lance_archive_rule,ONGC Hazira Gas Processing Plant,1.667,21.1,72.63
12.29086,79.93877,311.05,0.38,0.36,20260901,2023,N,VIIRS,70.0,2.0NRT,291.14,1.98,N,,0.7,,4.0,103460.63581035707,86768.26426757802,477093.6407653387,200.0,30000.0,2,AGRICULTURAL_BURNING,lance_archive,lance_archive_rule,cropland,86.768,12.29,79.94
21.10112,72.63706,308.66,0.36,0.57,20260901,2021,N,VIIRS,70.0,2.0NRT,282.05,1.18,N,,0.7,,26.0,1463.5670590725776,125782.60876620606,4038.6486300741076,25000.0,30000.0,1,PERSISTENT_INDUSTRIAL_FLARE,lance_archive,lance_archive_rule,ONGC Hazira Gas Processing Plant,1.464,21.1,72.64
18.73882,74.40549,299.3,0.51,0.49,20260901,2021,N,VIIRS,70.0,2.0NRT,284.89,0.54,N,,0.7,,1.0,138150.5175255581,158380.72372336034,322447.0983215905,200.0,30000.0,2,AGRICULTURAL_BURNING,lance_archive,lance_archive_rule,cropland,138.151,18.74,74.41
12.07241,79.15073,306.96,0.39,0.36,20260901,2023,N,VIIRS,70.0,2.0NRT,290.91,1.83,N,,0.7,,1.0,171026.55863771372,88927.7660199636,437079.47553602856,200.0,30000.0,2,AGRICULTURAL_BURNING,lance_archive,lance_archive_rule,cropland,88.928,12.07,79.15
11.80976,77.92097,306.97,0.41,0.37,20260901,2023,N,VIIRS,70.0,2.0NRT,292.26,2.29,N,,0.7,,10.0,264074.4636220642,201876.87447244234,398163.12186143495,200.0,30000.0,2,AGRICULTURAL_BURNING,lance_archive,lance_archive_rule,cropland,201.877,11.81,77.92
15.18782,76.65921,310.47,0.51,0.41,20260901,2023,N,VIIRS,70.0,2.0NRT,285.67,2.82,N,,0.7,,3.0,1671.2634025206364,168187.97688128526,1671.2634025206364,25000.0,300.0,1,PERSISTENT_INDUSTRIAL_FLARE,lance_archive,lance_archive_rule,JSW Steel Vijayanagar,1.671,15.19,76.66
11.81017,77.92106,307.2,0.41,0.37,20260901,2023,N,VIIRS,70.0,2.0NRT,292.19,2.41,N,,0.7,,10.0,264114.2246306954,201874.0231667992,398123.5031173879,200.0,30000.0,2,AGRICULTURAL_BURNING,lance_archive,lance_archive_rule,cropland,201.874,11.81,77.92
15.18272,76.66805,312.13,0.5,0.41,20260901,2023,N,VIIRS,70.0,2.0NRT,282.34,3.48,N,,0.7,,39.0,612.9268834049277,169165.31629266622,612.9268834049277,25000.0,300.0,1,PERSISTENT_INDUSTRIAL_FLARE,lance_archive,lance_archive_rule,JSW Steel Vijayanagar,0.613,15.18,76.67
11.592,77.27362,325.47,0.43,0.38,20260901,2023,N,VIIRS,70.0,2.0NRT,290.18,2.54,N,,0.7,,10.0,200919.71259025356,270181.7187709286,404036.4401031552,200.0,300.0,2,AGRICULTURAL_BURNING,lance_archive,lance_archive_rule,cropland,200.92,11.59,77.27
15.17715,76.65287,304.64,0.51,0.41,20260901,2023,N,VIIRS,70.0,2.0NRT,285.0,2.24,N,,0.7,,17.0,1947.9395987129465,168854.4475933081,1947.9395987129465,25000.0,300.0,1,PERSISTENT_INDUSTRIAL_FLARE,lance_archive,lance_archive_rule,JSW Steel Vijayanagar,1.948,15.18,76.65
11.59257,77.26982,304.87,0.43,0.38,20260901,2023,N,VIIRS,70.0,2.0NRT,287.86,1.3,N,,0.7,,10.0,200743.5292555192,270596.8501194138,403907.7745005821,200.0,300.0,2,AGRICULTURAL_BURNING,lance_archive,lance_archive_rule,cropland,200.744,11.59,77.27
15.17649,76.65758,318.85,0.51,0.41,20260901,2023,N,VIIRS,70.0,2.0NRT,285.28,2.24,N,,0.7,,32.0,1449.9420762093941,169176.78341332922,1449.9420762093941,25000.0,300.0,1,PERSISTENT_INDUSTRIAL_FLARE,lance_archive,lance_archive_rule,JSW Steel Vijayanagar,1.45,15.18,76.66
11.58795,77.27676,328.51,0.43,0.38,20260901,2023,N,VIIRS,70.0,2.0NRT,290.39,2.54,N,,0.7,,1.0,200734.99454453052,269830.9521876451,404535.83339379897,200.0,300.0,2,AGRICULTURAL_BURNING,lance_archive,lance_archive_rule,cropland,200.735,11.59,77.28
11.58907,77.26917,316.85,0.43,0.38,20260901,2023,N,VIIRS,70.0,2.0NRT,288.53,1.3,N,,0.7,,10.0,200380.06581120266,270659.92511587124,404280.7418369775,200.0,300.0,2,AGRICULTURAL_BURNING,lance_archive,lance_archive_rule,cropland,200.38,11.59,77.27
11.58561,77.26827,302.6,0.43,0.38,20260901,2023,N,VIIRS,70.0,2.0NRT,289.36,0.71,N,,0.7,,10.0,200005.34997672113,270750.8715104893,404645.04271048104,200.0,300.0,2,AGRICULTURAL_BURNING,lance_archive,lance_archive_rule,cropland,200.005,11.59,77.27
11.58526,77.26942,302.45,0.43,0.38,20260901,2023,N,VIIRS,70.0,2.0NRT,289.46,0.63,N,,0.7,,10.0,200042.32810036358,270624.93693082087,404703.3416020059,200.0,300.0,2,AGRICULTURAL_BURNING,lance_archive,lance_archive_rule,cropland,200.042,11.59,77.27
11.10827,79.43034,306.12,0.38,0.36,20260901,2023,N,VIIRS,70.0,2.0NRT,291.65,1.26,N,,0.7,,1.0,246028.92080759388,58801.48406610663,542232.1677804623,200.0,30000.0,2,AGRICULTURAL_BURNING,lance_archive,lance_archive_rule,cropland,58.801,11.11,79.43
11.43151,77.16531,308.64,0.44,0.38,20260901,2023,N,VIIRS,70.0,2.0NRT,293.07,1.7,N,,0.7,,2.0,179524.99801156356,282200.1458058046,420009.20239139616,200.0,300.0,2,AGRICULTURAL_BURNING,lance_archive,lance_archive_rule,cropland,179.525,11.43,77.17
10.99333,79.23576,307.67,0.39,0.36,20260901,2023,N,VIIRS,70.0,2.0NRT,291.5,2.35,N,,0.7,,3.0,266086.02652033436,82276.3735371055,541885.4995921458,200.0,30000.0,2,AGRICULTURAL_BURNING,lance_archive,lance_archive_rule,cropland,82.276,10.99,79.24
10.99278,79.23927,318.53,0.39,0.36,20260901,2023,N,VIIRS,70.0,2.0NRT,291.83,2.33,N,,0.7,,3.0,265982.6642600957,82059.13680976573,542133.0190946116,200.0,30000.0,2,AGRICULTURAL_BURNING,lance_archive,lance_archive_rule,cropland,82.059,10.99,79.24
10.92252,78.51923,325.57,0.39,0.37,20260901,2023,N,VIIRS,70.0,2.0NRT,293.57,1.96,N,,0.7,,2.0,257981.37538659206,150665.34334063044,513777.66842660686,200.0,30000.0,2,AGRICULTURAL_BURNING,lance_archive,lance_archive_rule,cropland,150.665,10.92,78.52
10.94335,76.3877,303.97,0.47,0.4,20260901,2023,N,VIIRS,70.0,2.0NRT,291.59,0.57,N,,0.7,,1.0,96397.8760969444,372816.82506683934,471869.9297505013,200.0,300.0,2,AGRICULTURAL_BURNING,lance_archive,lance_archive_rule,cropland,96.398,10.94,76.39
10.19173,77.64243,304.01,0.41,0.37,20260901,2025,N,VIIRS,70.0,2.0NRT,291.74,0.42,N,,0.7,,1.0,142355.2884064061,274460.3823468793,564366.6415289528,200.0,30000.0,2,AGRICULTURAL_BURNING,lance_archive,lance_archive_rule,cropland,142.355,10.19,77.64
12.1557,79.81212,330.94,0.39,0.59,20260902,731,N,VIIRS,70.0,2.0NRT,288.02,2.65,D,,0.7,,1.0,122473.74931806159,69650.0727920864,477587.5834789748,200.0,30000.0,2,AGRICULTURAL_BURNING,lance_archive,lance_archive_rule,cropland,69.65,12.16,79.81
17.67918,75.30824,332.06,0.6,0.7,20260902,733,N,VIIRS,70.0,2.0NRT,286.29,6.74,D,,0.7,,3.0,280617.7921422372,144909.84607415207,313800.7161247714,200.0,30000.0,2,AGRICULTURAL_BURNING,lance_archive,lance_archive_rule,cropland,144.91,17.68,75.31
30.44718,73.801,331.74,0.39,0.59,20260902,735,N,VIIRS,70.0,2.0NRT,294.92,2.56,D,,0.7,,1.0,111761.27704395622,420266.378551434,981051.8046037402,200.0,30000.0,2,AGRICULTURAL_BURNING,lance_archive,lance_archive_rule,cropland,111.761,30.45,73.8
31.09262,74.68887,340.43,0.33,0.55,20260902,737,N,VIIRS,70.0,2.0NRT,293.1,3.98,D,,0.7,,2.0,101077.35613971272,395434.72129093716,1063048.6386619632,200.0,300.0,2,AGRICULTURAL_BURNING,lance_archive,lance_archive_rule,cropland,101.077,31.09,74.69
11.34867,77.58162,343.48,0.68,0.74,20260902,911,N,VIIRS,70.0,2.0NRT,291.66,6.73,D,,0.7,,1.0,201578.7080920938,237525.05380903764,437054.16041866696,200.0,30000.0,2,AGRICULTURAL_BURNING,lance_archive,lance_archive_rule,cropland,201.579,11.35,77.58
18.6843,73.02866,303.48,0.64,0.72,20260902,2004,N,VIIRS,70.0,2.0NRT,282.8,2.69,N,,0.7,,11.0,39304.31659041535,41193.06237660257,271230.0704681012,200.0,30000.0,2,AGRICULTURAL_BURNING,lance_archive,lance_archive_rule,cropland,39.304,18.68,73.03
18.68376,73.03494,307.43,0.64,0.72,20260902,2004,N,VIIRS,70.0,2.0NRT,282.78,2.69,N,,0.7,,11.0,39603.05848098867,41414.208364855716,271398.5465474333,200.0,30000.0,2,AGRICULTURAL_BURNING,lance_archive,lance_archive_rule,cropland,39.603,18.68,73.03
18.68321,73.04121,301.76,0.64,0.72,20260902,2004,N,VIIRS,70.0,2.0NRT,283.02,3.91,N,,0.7,,8.0,39911.21627290066,41645.54272933008,271569.4380448959,200.0,30000.0,2,AGRICULTURAL_BURNING,lance_archive,lance_archive_rule,cropland,39.911,18.68,73.04
15.18241,76.66785,303.1,0.33,0.56,20260902,2004,N,VIIRS,70.0,2.0NRT,283.02,2.21,N,,0.7,,39.0,595.5962915186715,169183.5727555411,595.5962915186715,25000.0,300.0,1,PERSISTENT_INDUSTRIAL_FLARE,lance_archive,lance_archive_rule,JSW Steel Vijayanagar,0.596,15.18,76.67
15.17876,76.65467,303.64,0.34,0.56,20260902,2004,N,VIIRS,70.0,2.0NRT,283.83,1.51,N,,0.7,,17.0,1754.5055706611079,168799.79216522968,1754.5055706611079,25000.0,300.0,1,PERSISTENT_INDUSTRIAL_FLARE,lance_archive,lance_archive_rule,JSW Steel Vijayanagar,1.755,15.18,76.65
15.17838,76.65782,304.14,0.34,0.56,20260902,2004,N,VIIRS,70.0,2.0NRT,284.25,1.94,N,,0.7,,32.0,1415.0562532410424,169009.811984816,1415.0562532410424,25000.0,300.0,1,PERSISTENT_INDUSTRIAL_FLARE,lance_archive,lance_archive_rule,JSW Steel Vijayanagar,1.415,15.18,76.66
15.17359,76.65408,300.96,0.34,0.56,20260902,2004,N,VIIRS,70.0,2.0NRT,281.77,1.23,N,,0.7,,3.0,1880.8562640955183,169260.98148184022,1880.8562640955183,25000.0,300.0,1,PERSISTENT_INDUSTRIAL_FLARE,lance_archive,lance_archive_rule,JSW Steel Vijayanagar,1.881,15.17,76.65
15.17321,76.65722,298.31,0.34,0.56,20260902,2004,N,VIIRS,70.0,2.0NRT,283.72,1.52,N,,0.7,,6.0,1571.8253554129465,169469.90138040783,1571.8253554129465,25000.0,300.0,1,PERSISTENT_INDUSTRIAL_FLARE,lance_archive,lance_archive_rule,JSW Steel Vijayanagar,1.572,15.17,76.66
11.80807,77.92142,313.58,0.5,0.49,20260902,2006,N,VIIRS,70.0,2.0NRT,284.21,2.3,N,,0.7,,10.0,263972.27625550784,201800.38020906775,398356.5533499216,200.0,30000.0,2,AGRICULTURAL_BURNING,lance_archive,lance_archive_rule,cropland,201.8,11.81,77.92
11.59569,77.25757,301.79,0.55,0.51,20260902,2006,N,VIIRS,70.0,2.0NRT,268.93,1.73,N,,0.7,,2.0,200299.8858038988,271938.22069304466,403354.77908126736,200.0,300.0,2,AGRICULTURAL_BURNING,lance_archive,lance_archive_rule,cropland,200.3,11.6,77.26
11.59482,77.264,308.29,0.55,0.51,20260902,2006,N,VIIRS,70.0,2.0NRT,271.1,1.73,N,,0.7,,2.0,200602.99357985222,271235.9079110679,403560.26656403317,200.0,300.0,2,AGRICULTURAL_BURNING,lance_archive,lance_archive_rule,cropland,200.603,11.59,77.26
11.17563,79.08776,304.65,0.41,0.45,20260902,2006,N,VIIRS,70.0,2.0NRT,286.18,0.63,N,,0.7,,3.0,255403.21793292012,82643.3861899736,516230.993116446,200.0,30000.0,2,AGRICULTURAL_BURNING,lance_archive,lance_archive_rule,cropland,82.643,11.18,79.09
31.3686,76.35826,302.36,0.44,0.62,20260902,2140,N,VIIRS,70.0,2.0NRT,289.07,0.62,N,,0.7,,1.0,187656.11619954061,333686.81559949205,1130929.6909193548,200.0,300.0,2,AGRICULTURAL_BURNING,lance_archive,lance_archive_rule,cropland,187.656,31.37,76.36
21.1071,72.64617,347.86,0.44,0.63,20260902,2144,N,VIIRS,70.0,2.0NRT,288.32,7.05,N,,0.7,,21.0,558.2089469058354,124738.16782310842,5153.324901672098,25000.0,30000.0,1,PERSISTENT_INDUSTRIAL_FLARE,lance_archive,lance_archive_rule,ONGC Hazira Gas Processing Plant,0.558,21.11,72.65
21.10903,72.63763,307.73,0.44,0.63,20260902,2144,N,VIIRS,70.0,2.0NRT,288.01,2.25,N,,0.7,,17.0,832.7880712179076,125232.58225972822,4440.359263563775,25000.0,30000.0,1,PERSISTENT_INDUSTRIAL_FLARE,lance_archive,lance_archive_rule,ONGC Hazira Gas Processing Plant,0.833,21.11,72.64
21.10334,72.63613,318.44,0.44,0.63,20260902,2144,N,VIIRS,70.0,2.0NRT,287.95,2.34,N,,0.7,,26.0,1331.8770246899562,125780.61476007938,4031.0416953784197,25000.0,30000.0,1,PERSISTENT_INDUSTRIAL_FLARE,lance_archive,lance_archive_rule,ONGC Hazira Gas Processing Plant,1.332,21.1,72.64
21.10142,72.64466,307.16,0.44,0.63,20260902,2144,N,VIIRS,70.0,2.0NRT,287.46,2.25,N,,0.7,,26.0,1176.9709034511798,125288.30613566731,4804.016750720086,25000.0,30000.0,1,PERSISTENT_INDUSTRIAL_FLARE,lance_archive,lance_archive_rule,ONGC Hazira Gas Processing Plant,1.177,21.1,72.64
10.23653,79.19613,367.0,0.41,0.6,20260903,852,N,VIIRS,90.0,2.0NRT,294.56,11.42,D,,0.9,,3.0,311867.6329805646,156357.4514958167,613907.7475196363,200.0,30000.0,2,AGRICULTURAL_BURNING,lance_archive,lance_archive_rule,cropland,156.357,10.24,79.2
10.9525,78.43614,334.3,0.37,0.58,20260903,852,N,VIIRS,70.0,2.0NRT,273.55,2.9,D,,0.7,,1.0,251074.8405625487,157410.96142736604,507246.0641090692,200.0,30000.0,2,AGRICULTURAL_BURNING,lance_archive,lance_archive_rule,cropland,157.411,10.95,78.44
11.50817,79.52599,344.98,0.44,0.63,20260903,852,N,VIIRS,70.0,2.0NRT,294.04,2.7,D,,0.7,,2.0,200920.68074036713,24875.378257056178,511754.39897127583,200.0,30000.0,2,AGRICULTURAL_BURNING,lance_archive,lance_archive_rule,cropland,24.875,11.51,79.53
11.5078,79.52651,346.56,0.45,0.63,20260903,852,N,VIIRS,70.0,2.0NRT,294.32,4.34,D,,0.7,,2.0,200936.1844404203,24823.487147645286,511821.2850582321,200.0,30000.0,2,AGRICULTURAL_BURNING,lance_archive,lance_archive_rule,cropland,24.823,11.51,79.53
18.51911,74.35187,330.29,0.5,0.49,20260903,856,N,VIIRS,70.0,2.0NRT,296.04,4.86,D,,0.7,,2.0,144218.02513925557,160171.12559692137,339564.58029063157,200.0,30000.0,2,AGRICULTURAL_BURNING,lance_archive,lance_archive_rule,cropland,144.218,18.52,74.35
18.51854,74.3471,334.46,0.5,0.49,20260903,856,N,VIIRS,70.0,2.0NRT,296.41,4.86,D,,0.7,,2.0,143824.92428585482,159727.01100678832,339349.13504326466,200.0,30000.0,2,AGRICULTURAL_BURNING,lance_archive,lance_archive_rule,cropland,143.825,18.52,74.35
18.56307,74.36423,332.55,0.5,0.49,20260903,856,N,VIIRS,70.0,2.0NRT,297.39,7.46,D,,0.7,,1.0,142822.48096506967,159662.36326453093,336154.2003435364,200.0,30000.0,2,AGRICULTURAL_BURNING,lance_archive,lance_archive_rule,cropland,142.822,18.56,74.36
18.69169,73.04173,334.81,0.42,0.45,20260903,856,N,VIIRS,70.0,2.0NRT,295.45,5.14,D,,0.7,,13.0,39065.512528527805,40752.94787557956,270649.3224391432,200.0,30000.0,2,AGRICULTURAL_BURNING,lance_archive,lance_archive_rule,cropland,39.066,18.69,73.04
21.10661,72.64839,332.65,0.42,0.45,20260903,856,N,VIIRS,70.0,2.0NRT,296.01,4.4,D,,0.7,,21.0,694.8890837500243,124609.50449007054,5349.002721551685,25000.0,30000.0,1,PERSISTENT_INDUSTRIAL_FLARE,lance_archive,lance_archive_rule,ONGC Hazira Gas Processing Plant,0.695,21.11,72.65
29.88983,73.90404,333.23,0.32,0.55,20260903,858,N,VIIRS,70.0,2.0NRT,296.63,1.81,D,,0.7,,1.0,105075.81744104522,384599.4426609636,920300.6975737972,200.0,30000.0,2,AGRICULTURAL_BURNING,lance_archive,lance_archive_rule,cropland,105.076,29.89,73.9
26.75918,83.19909,306.85,0.35,0.57,20260903,1942,N,VIIRS,70.0,2.0NRT,285.78,1.16,N,,0.7,,3.0,454112.0399095897,534345.1327395224,454112.0399095897,200.0,30000.0,2,AGRICULTURAL_BURNING,lance_archive,lance_archive_rule,cropland,454.112,26.76,83.2
15.18083,76.6638,298.03,0.69,0.74,20260903,1947,N,VIIRS,70.0,2.0NRT,269.99,2.73,N,,0.7,,32.0,834.2930472856114,169107.97668251136,834.2930472856114,25000.0,300.0,1,PERSISTENT_INDUSTRIAL_FLARE,lance_archive,lance_archive_rule,JSW Steel Vijayanagar,0.834,15.18,76.66
15.18172,76.66895,299.3,0.69,0.74,20260903,1947,N,VIIRS,70.0,2.0NRT,274.25,1.25,N,,0.7,,39.0,468.50889340932895,169310.54045144597,468.50889340932895,25000.0,300.0,1,PERSISTENT_INDUSTRIAL_FLARE,lance_archive,lance_archive_rule,JSW Steel Vijayanagar,0.469,15.18,76.67
15.18106,76.67557,302.03,0.69,0.74,20260903,1947,N,VIIRS,70.0,2.0NRT,278.37,1.25,N,,0.7,,15.0,596.9063322258756,169744.14219031695,596.9063322258756,25000.0,300.0,1,PERSISTENT_INDUSTRIAL_FLARE,lance_archive,lance_archive_rule,JSW Steel Vijayanagar,0.597,15.18,76.68
21.10739,72.64669,342.3,0.45,0.47,20260903,2125,N,VIIRS,70.0,2.0NRT,292.6,7.81,N,,0.7,,21.0,541.7570574237176,124676.89383384587,5215.367117982193,25000.0,30000.0,1,PERSISTENT_INDUSTRIAL_FLARE,lance_archive,lance_archive_rule,ONGC Hazira Gas Processing Plant,0.542,21.11,72.65
21.10483,72.63718,307.78,0.45,0.47,20260903,2125,N,VIIRS,70.0,2.0NRT,291.05,1.6,N,,0.7,,26.0,1137.3999381947485,125587.54822234144,4194.825449266963,25000.0,30000.0,1,PERSISTENT_INDUSTRIAL_FLARE,lance_archive,lance_archive_rule,ONGC Hazira Gas Processing Plant,1.137,21.1,72.64
21.10314,72.64573,307.67,0.45,0.47,20260903,2125,N,VIIRS,70.0,2.0NRT,291.0,2.61,N,,0.7,,10.0,988.0930972195566,125075.75692585522,4964.025465425139,25000.0,30000.0,1,PERSISTENT_INDUSTRIAL_FLARE,lance_archive,lance_archive_rule,ONGC Hazira Gas Processing Plant,0.988,21.1,72.65
21.10058,72.63622,307.03,0.45,0.47,20260903,2125,N,VIIRS,70.0,2.0NRT,290.82,1.6,N,,0.7,,26.0,1562.7086505796692,125729.20089758278,3937.43025633093,25000.0,30000.0,1,PERSISTENT_INDUSTRIAL_FLARE,lance_archive,lance_archive_rule,ONGC Hazira Gas Processing Plant,1.563,21.1,72.64
31.26022,76.92496,303.07,0.51,0.49,20260903,2123,N,VIIRS,70.0,2.0NRT,288.42,2.04,N,,0.7,,3.0,205686.86685322013,307077.9554324095,1137612.5519939621,200.0,30000.0,2,AGRICULTURAL_BURNING,lance_archive,lance_archive_rule,cropland,205.687,31.26,76.92
29.47491,76.86111,321.58,0.55,0.51,20260903,2123,N,VIIRS,70.0,2.0NRT,291.09,4.53,N,,0.7,,4.0,13364.837976489462,122899.14878687957,952411.3823460968,200.0,30000.0,2,AGRICULTURAL_BURNING,lance_archive,lance_archive_rule,cropland,13.365,29.47,76.86
29.47618,76.85554,311.96,0.55,0.51,20260903,2123,N,VIIRS,70.0,2.0NRT,290.99,4.41,N,,0.7,,11.0,13897.664347134603,123316.63041721986,952311.9353038365,200.0,30000.0,2,AGRICULTURAL_BURNING,lance_archive,lance_archive_rule,cropland,13.898,29.48,76.86
29.4779,76.85962,322.24,0.55,0.51,20260903,2123,N,VIIRS,70.0,2.0NRT,291.14,5.5,N,,0.7,,11.0,13665.211778086534,123255.74896635555,952651.9215024473,200.0,30000.0,2,AGRICULTURAL_BURNING,lance_archive,lance_archive_rule,cropland,13.665,29.48,76.86
29.47329,76.85825,320.78,0.55,0.51,20260903,2123,N,VIIRS,70.0,2.0NRT,290.76,5.35,N,,0.7,,4.0,13507.010112010976,122903.5820586428,952131.2217463597,200.0,30000.0,2,AGRICULTURAL_BURNING,lance_archive,lance_archive_rule,cropland,13.507,29.47,76.86
18.68717,73.03136,303.75,0.52,0.5,20260903,2125,N,VIIRS,70.0,2.0NRT,286.82,3.48,N,,0.7,,8.0,39110.88744647383,40952.662180530926,270962.1097708392,200.0,30000.0,2,AGRICULTURAL_BURNING,lance_archive,lance_archive_rule,cropland,39.111,18.69,73.03
18.68517,73.04121,303.66,0.52,0.5,20260903,2125,N,VIIRS,70.0,2.0NRT,286.86,2.63,N,,0.7,,13.0,39710.415860355046,41435.618345706425,271354.6185336274,200.0,30000.0,2,AGRICULTURAL_BURNING,lance_archive,lance_archive_rule,cropland,39.71,18.69,73.04
25.94198,72.19152,328.97,0.53,0.42,20260903,2125,N,VIIRS,70.0,2.0NRT,295.09,4.61,N,,0.7,,11.0,1555.398984655513,428592.7620485463,483422.0752818402,25000.0,30000.0,1,PERSISTENT_INDUSTRIAL_FLARE,lance_archive,lance_archive_rule,RIICO Balotra Industrial & Dyeing Area,1.555,25.94,72.19
18.69051,73.04059,303.23,0.52,0.5,20260903,2125,N,VIIRS,70.0,2.0NRT,286.61,2.42,N,,0.7,,13.0,39138.5072561082,40846.314858737656,270758.3346332977,200.0,30000.0,2,AGRICULTURAL_BURNING,lance_archive,lance_archive_rule,cropland,39.139,18.69,73.04
18.68594,73.03958,303.16,0.52,0.5,20260903,2125,N,VIIRS,70.0,2.0NRT,286.88,1.63,N,,0.7,,13.0,39564.84871205541,41307.15030360986,271241.298435878,200.0,30000.0,2,AGRICULTURAL_BURNING,lance_archive,lance_archive_rule,cropland,39.565,18.69,73.04
25.94437,72.19054,317.01,0.53,0.42,20260903,2125,N,VIIRS,70.0,2.0NRT,294.81,2.7,N,,0.7,,11.0,1782.1769312509982,428747.6018402939,483700.57949485804,25000.0,30000.0,1,PERSISTENT_INDUSTRIAL_FLARE,lance_archive,lance_archive_rule,RIICO Balotra Industrial & Dyeing Area,1.782,25.94,72.19
18.68331,73.0287,301.11,0.52,0.5,20260903,2125,N,VIIRS,70.0,2.0NRT,286.49,2.72,N,,0.7,,11.0,39408.544896372965,41300.96839672605,271339.35414079065,200.0,30000.0,2,AGRICULTURAL_BURNING,lance_archive,lance_archive_rule,cropland,39.409,18.68,73.03
25.94338,72.19575,311.07,0.53,0.42,20260903,2125,N,VIIRS,70.0,2.0NRT,294.72,2.18,N,,0.7,,2.0,1312.9287342339298,428970.15401765995,483504.1726428396,25000.0,30000.0,1,PERSISTENT_INDUSTRIAL_FLARE,lance_archive,lance_archive_rule,RIICO Balotra Industrial & Dyeing Area,1.313,25.94,72.2
18.68235,73.03365,304.96,0.52,0.5,20260903,2125,N,VIIRS,70.0,2.0NRT,286.6,1.63,N,,0.7,,11.0,39698.04740394966,41531.75152609658,271530.5955313247,200.0,30000.0,2,AGRICULTURAL_BURNING,lance_archive,lance_archive_rule,cropland,39.698,18.68,73.03
18.68138,73.03857,306.06,0.52,0.5,20260903,2125,N,VIIRS,70.0,2.0NRT,286.54,1.63,N,,0.7,,8.0,39992.35375835437,41768.27900773653,271723.2979234847,200.0,30000.0,2,AGRICULTURAL_BURNING,lance_archive,lance_archive_rule,cropland,39.992,18.68,73.04
15.18179,76.66799,306.52,0.53,0.67,20260903,2125,N,VIIRS,70.0,2.0NRT,281.19,2.6,N,,0.7,,39.0,530.9832857460071,169250.2594492153,530.9832857460071,25000.0,300.0,1,PERSISTENT_INDUSTRIAL_FLARE,lance_archive,lance_archive_rule,JSW Steel Vijayanagar,0.531,15.18,76.67
15.17781,76.65665,313.84,0.52,0.67,20260903,2125,N,VIIRS,70.0,2.0NRT,281.26,3.05,N,,0.7,,32.0,1540.1319967173529,168999.57918276987,1540.1319967173529,25000.0,300.0,1,PERSISTENT_INDUSTRIAL_FLARE,lance_archive,lance_archive_rule,JSW Steel Vijayanagar,1.54,15.18,76.66
10.02841,78.05846,335.35,0.43,0.46,20260905,835,N20,VIIRS,70.0,2.0NRT,300.7,8.53,D,,0.7,,1.0,186247.88457665723,249424.07548263212,592056.8269072158,200.0,30000.0,2,AGRICULTURAL_BURNING,lance_archive,lance_archive_rule,cropland,186.248,10.03,78.06
10.10579,77.83781,336.52,0.41,0.45,20260905,835,N20,VIIRS,70.0,2.0NRT,302.21,4.29,D,,0.7,,1.0,162516.21101364252,262490.2073519175,578027.2545316666,200.0,30000.0,2,AGRICULTURAL_BURNING,lance_archive,lance_archive_rule,cropland,162.516,10.11,77.84
10.85424,78.68019,351.58,0.48,0.48,20260905,835,N20,VIIRS,70.0,2.0NRT,298.37,20.51,D,,0.7,,1.0,271447.5288338668,139189.05158912996,527734.9183643361,200.0,30000.0,2,AGRICULTURAL_BURNING,lance_archive,lance_archive_rule,cropland,139.189,10.85,78.68
10.87593,77.97946,344.35,0.43,0.46,20260905,835,N20,VIIRS,70.0,2.0NRT,302.68,10.19,D,,0.7,,1.0,202734.1006973973,206747.06898042702,498917.08588871674,200.0,30000.0,2,AGRICULTURAL_BURNING,lance_archive,lance_archive_rule,cropland,202.734,10.88,77.98
10.93433,77.19016,340.17,0.39,0.44,20260905,835,N20,VIIRS,70.0,2.0NRT,305.95,6.53,D,,0.7,,1.0,138776.47570271042,287305.1183557831,475211.93226102676,200.0,300.0,2,AGRICULTURAL_BURNING,lance_archive,lance_archive_rule,cropland,138.776,10.93,77.19
10.9785,76.98156,335.4,0.56,0.43,20260905,835,N20,VIIRS,70.0,2.0NRT,298.12,3.11,D,,0.7,,1.0,126976.18976916649,308443.52821860515,468172.39301665465,200.0,300.0,2,AGRICULTURAL_BURNING,lance_archive,lance_archive_rule,cropland,126.976,10.98,76.98
11.00253,77.12383,346.08,0.38,0.43,20260905,835,N20,VIIRS,70.0,2.0NRT,306.55,10.19,D,,0.7,,2.0,139159.98798222333,292695.9171963111,466872.87321236636,200.0,300.0,2,AGRICULTURAL_BURNING,lance_archive,lance_archive_rule,cropland,139.16,11.0,77.12
11.95854,78.75902,332.21,0.5,0.49,20260905,835,N20,VIIRS,70.0,2.0NRT,297.02,4.19,D,,0.7,,1.0,210991.33644949307,118148.83678987293,423176.5595666673,200.0,30000.0,2,AGRICULTURAL_BURNING,lance_archive,lance_archive_rule,cropland,118.149,11.96,78.76
12.17388,78.93881,342.31,0.52,0.5,20260905,835,N20,VIIRS,70.0,2.0NRT,299.54,6.41,D,,0.7,,1.0,180747.08043973937,113774.73306359156,414249.4742401496,200.0,30000.0,2,AGRICULTURAL_BURNING,lance_archive,lance_archive_rule,cropland,113.775,12.17,78.94
12.06562,77.03265,340.18,0.39,0.44,20260905,835,N20,VIIRS,70.0,2.0NRT,305.58,3.69,D,,0.7,,1.0,235834.45725229278,301982.4043763022,348280.0091985574,200.0,300.0,2,AGRICULTURAL_BURNING,lance_archive,lance_archive_rule,cropland,235.834,12.07,77.03
12.00694,76.52467,335.43,0.55,0.42,20260905,835,N20,VIIRS,70.0,2.0NRT,304.71,6.58,D,,0.7,,1.0,204826.98872523446,355369.83429176745,352960.18432689336,200.0,300.0,2,AGRICULTURAL_BURNING,lance_archive,lance_archive_rule,cropland,204.827,12.01,76.52
12.08199,76.8081,337.54,0.57,0.43,20260905,835,N20,VIIRS,50.0,2.0NRT,308.2,6.82,D,,0.5,,1.0,228613.31984792903,326308.9493224171,344579.1638097368,200.0,300.0,2,AGRICULTURAL_BURNING,lance_archive,lance_archive_rule,cropland,228.613,12.08,76.81
12.09133,76.81746,339.62,0.57,0.43,20260905,835,N20,VIIRS,70.0,2.0NRT,306.51,5.82,D,,0.7,,1.0,229124.99060077668,325499.76093273784,343586.64617189387,200.0,300.0,2,AGRICULTURAL_BURNING,lance_archive,lance_archive_rule,cropland,229.125,12.09,76.82
12.10958,76.89243,330.14,0.38,0.43,20260905,835,N20,VIIRS,50.0,2.0NRT,303.45,0.64,D,,0.5,,1.0,235450.95218033396,317887.8040777336,342030.44908548985,200.0,300.0,2,AGRICULTURAL_BURNING,lance_archive,lance_archive_rule,cropland,235.451,12.11,76.89
12.48486,77.34094,334.62,0.41,0.45,20260905,835,N20,VIIRS,50.0,2.0NRT,305.56,4.6,D,,0.5,,1.0,271015.7468237442,282923.8680535236,308073.7485159973,200.0,300.0,2,AGRICULTURAL_BURNING,lance_archive,lance_archive_rule,cropland,271.016,12.48,77.34
18.5752,74.46596,332.15,0.5,0.41,20260905,835,N20,VIIRS,70.0,2.0NRT,297.06,1.68,D,,0.7,,1.0,151576.72859207887,169364.28286519044,340999.3041575713,200.0,30000.0,2,AGRICULTURAL_BURNING,lance_archive,lance_archive_rule,cropland,151.577,18.58,74.47
18.69589,74.44584,334.58,0.5,0.41,20260905,835,N20,VIIRS,70.0,2.0NRT,296.48,3.78,D,,0.7,,1.0,143908.67780470054,163612.6912818657,328801.95444292924,200.0,30000.0,2,AGRICULTURAL_BURNING,lance_archive,lance_archive_rule,cropland,143.909,18.7,74.45
30.48693,73.84731,333.33,0.43,0.46,20260905,839,N20,VIIRS,70.0,2.0NRT,296.03,3.47,D,,0.7,,1.0,108607.64284302597,418584.45343726216,985848.655782998,200.0,30000.0,2,AGRICULTURAL_BURNING,lance_archive,lance_archive_rule,cropland,108.608,30.49,73.85
22.79804,86.19794,313.33,0.32,0.55,20260905,1925,N20,VIIRS,70.0,2.0NRT,290.93,1.39,N,,0.7,,4.0,782.560124548662,328124.19436710735,782.560124548662,25000.0,30000.0,1,PERSISTENT_INDUSTRIAL_FLARE,lance_archive,lance_archive_rule,Tata Steel Jamshedpur Works,0.783,22.8,86.2
22.79299,86.19738,307.98,0.32,0.55,20260905,1925,N20,VIIRS,70.0,2.0NRT,290.96,1.39,N,,0.7,,10.0,1312.6637508072147,327914.3406481593,1312.6637508072147,25000.0,30000.0,1,PERSISTENT_INDUSTRIAL_FLARE,lance_archive,lance_archive_rule,Tata Steel Jamshedpur Works,1.313,22.79,86.2
13.15991,80.27797,306.34,0.61,0.71,20260905,1928,N20,VIIRS,70.0,2.0NRT,285.87,1.59,N,,0.7,,6.0,2148.415713783415,189784.20305618065,448952.47054216126,25000.0,30000.0,1,PERSISTENT_INDUSTRIAL_FLARE,lance_archive,lance_archive_rule,TN PetroProducts Manali,2.148,13.16,80.28
13.16012,80.28133,306.44,0.61,0.71,20260905,1928,N20,VIIRS,70.0,2.0NRT,286.03,2.69,N,,0.7,,6.0,2281.162364080164,189916.42896877415,449254.41522415413,25000.0,30000.0,1,PERSISTENT_INDUSTRIAL_FLARE,lance_archive,lance_archive_rule,TN PetroProducts Manali,2.281,13.16,80.28
31.25992,76.92314,300.63,0.53,0.42,20260905,2104,N20,VIIRS,70.0,2.0NRT,289.45,0.4,N,,0.7,,3.0,205657.91542761968,307080.2915350058,1137519.1908839128,200.0,30000.0,2,AGRICULTURAL_BURNING,lance_archive,lance_archive_rule,cropland,205.658,31.26,76.92
31.61647,74.37518,310.03,0.41,0.37,20260905,2104,N20,VIIRS,70.0,2.0NRT,294.09,2.26,N,,0.7,,2.0,165377.40524768882,458047.95244522154,1116248.9133886842,200.0,300.0,2,AGRICULTURAL_BURNING,lance_archive,lance_archive_rule,cropland,165.377,31.62,74.38
31.64455,74.15454,309.91,0.41,0.37,20260905,2104,N20,VIIRS,70.0,2.0NRT,293.01,1.53,N,,0.7,,2.0,176110.3912247989,474726.52930852777,1116855.8280492672,200.0,300.0,2,AGRICULTURAL_BURNING,lance_archive,lance_archive_rule,cropland,176.11,31.64,74.15
29.47778,76.85781,305.57,0.56,0.43,20260905,2104,N20,VIIRS,70.0,2.0NRT,290.94,1.29,N,,0.7,,11.0,13805.386559731194,123341.9888201979,952565.9154785024,200.0,30000.0,2,AGRICULTURAL_BURNING,lance_archive,lance_archive_rule,cropland,13.805,29.48,76.86
21.1022,72.63403,303.0,0.46,0.39,20260905,2106,N20,VIIRS,70.0,2.0NRT,289.7,2.97,N,,0.7,,9.0,1575.5774818293949,125925.97124793094,3782.024372845219,25000.0,30000.0,1,PERSISTENT_INDUSTRIAL_FLARE,lance_archive,lance_archive_rule,ONGC Hazira Gas Processing Plant,1.576,21.1,72.63
15.18284,76.66691,308.78,0.34,0.56,20260905,2108,N20,VIIRS,70.0,2.0NRT,289.42,1.37,N,,0.7,,39.0,694.4712819166825,169090.24975995085,694.4712819166825,25000.0,300.0,1,PERSISTENT_INDUSTRIAL_FLARE,lance_archive,lance_archive_rule,JSW Steel Vijayanagar,0.694,15.18,76.67
15.18026,76.65346,304.16,0.34,0.56,20260905,2108,N20,VIIRS,70.0,2.0NRT,288.74,0.73,N,,0.7,,17.0,1899.0157454348366,168589.99584410997,1899.0157454348366,25000.0,300.0,1,PERSISTENT_INDUSTRIAL_FLARE,lance_archive,lance_archive_rule,JSW Steel Vijayanagar,1.899,15.18,76.65
15.17965,76.65654,312.82,0.34,0.56,20260905,2108,N20,VIIRS,70.0,2.0NRT,289.26,2.34,N,,0.7,,32.0,1562.5936266372962,168818.03893114612,1562.5936266372962,25000.0,300.0,1,PERSISTENT_INDUSTRIAL_FLARE,lance_archive,lance_archive_rule,JSW Steel Vijayanagar,1.563,15.18,76.66
15.17597,76.675,317.24,0.34,0.56,20260905,2108,N20,VIIRS,70.0,2.0NRT,289.07,1.81,N,,0.7,,15.0,484.9967766330121,170194.6414654339,484.9967766330121,25000.0,300.0,1,PERSISTENT_INDUSTRIAL_FLARE,lance_archive,lance_archive_rule,JSW Steel Vijayanagar,0.485,15.18,76.68
15.17523,76.65232,303.49,0.34,0.56,20260905,2108,N20,VIIRS,70.0,2.0NRT,288.48,0.73,N,,0.7,,17.0,2028.2025134104015,169007.67531827593,2028.2025134104015,25000.0,300.0,1,PERSISTENT_INDUSTRIAL_FLARE,lance_archive,lance_archive_rule,JSW Steel Vijayanagar,2.028,15.18,76.65
11.63562,77.6582,304.36,0.46,0.63,20260905,2108,N20,VIIRS,70.0,2.0NRT,284.92,1.07,N,,0.7,,2.0,230440.4752557981,228476.96096843085,408106.3103052408,200.0,30000.0,2,AGRICULTURAL_BURNING,lance_archive,lance_archive_rule,cropland,228.477,11.64,77.66
29.90779,74.95393,334.59,0.48,0.64,20260904,858,N20,VIIRS,70.0,2.0NRT,293.52,3.63,D,,0.7,,3.0,33448.48284483988,294280.2627110178,938607.1776437233,200.0,30000.0,2,AGRICULTURAL_BURNING,lance_archive,lance_archive_rule,cropland,33.448,29.91,74.95
10.12954,77.52656,311.78,0.4,0.6,20260904,1947,N20,VIIRS,70.0,2.0NRT,287.65,1.47,N,,0.7,,1.0,128850.64401129412,288863.17592052347,568980.0606651657,200.0,30000.0,2,AGRICULTURAL_BURNING,lance_archive,lance_archive_rule,cropland,128.851,10.13,77.53
22.7957,86.19765,309.13,0.5,0.41,20260904,1945,N20,VIIRS,70.0,2.0NRT,282.16,2.39,N,,0.7,,4.0,1024.9915233509957,328023.84472112166,1024.9915233509957,25000.0,30000.0,1,PERSISTENT_INDUSTRIAL_FLARE,lance_archive,lance_archive_rule,Tata Steel Jamshedpur Works,1.025,22.8,86.2
22.79195,86.19707,302.5,0.5,0.41,20260904,1945,N20,VIIRS,70.0,2.0NRT,283.82,1.52,N,,0.7,,10.0,1432.0343321341022,327852.03602138895,1432.0343321341022,25000.0,30000.0,1,PERSISTENT_INDUSTRIAL_FLARE,lance_archive,lance_archive_rule,Tata Steel Jamshedpur Works,1.432,22.79,86.2
22.78821,86.19647,300.73,0.5,0.41,20260904,1945,N20,VIIRS,70.0,2.0NRT,284.59,1.52,N,,0.7,,10.0,1845.0123619527694,327679.00673217466,1845.0123619527694,25000.0,30000.0,1,PERSISTENT_INDUSTRIAL_FLARE,lance_archive,lance_archive_rule,Tata Steel Jamshedpur Works,1.845,22.79,86.2
22.79802,86.20056,307.02,0.5,0.41,20260904,1945,N20,VIIRS,70.0,2.0NRT,283.16,2.58,N,,0.7,,4.0,681.1320981189284,328381.71286411287,681.1320981189284,25000.0,30000.0,1,PERSISTENT_INDUSTRIAL_FLARE,lance_archive,lance_archive_rule,Tata Steel Jamshedpur Works,0.681,22.8,86.2
22.79119,86.19455,301.64,0.5,0.41,20260904,1945,N20,VIIRS,70.0,2.0NRT,284.17,1.28,N,,0.7,,1.0,1616.2156631778812,327580.43088029715,1616.2156631778812,25000.0,30000.0,1,PERSISTENT_INDUSTRIAL_FLARE,lance_archive,lance_archive_rule,Tata Steel Jamshedpur Works,1.616,22.79,86.19
22.79053,86.19944,301.18,0.5,0.41,20260904,1945,N20,VIIRS,70.0,2.0NRT,286.04,1.55,N,,0.7,,10.0,1520.6107681212616,328042.41944204434,1520.6107681212616,25000.0,30000.0,1,PERSISTENT_INDUSTRIAL_FLARE,lance_archive,lance_archive_rule,Tata Steel Jamshedpur Works,1.521,22.79,86.2
22.78679,86.19888,302.33,0.5,0.41,20260904,1945,N20,VIIRS,70.0,2.0NRT,285.6,1.55,N,,0.7,,10.0,1940.2073262057763,327873.5959761471,1940.2073262057763,25000.0,30000.0,1,PERSISTENT_INDUSTRIAL_FLARE,lance_archive,lance_archive_rule,Tata Steel Jamshedpur Works,1.94,22.79,86.2
15.18375,76.66516,317.98,0.54,0.68,20260904,1947,N20,VIIRS,70.0,2.0NRT,290.41,4.16,N,,0.7,,39.0,895.3044463245661,168906.1692853095,895.3044463245661,25000.0,300.0,1,PERSISTENT_INDUSTRIAL_FLARE,lance_archive,lance_archive_rule,JSW Steel Vijayanagar,0.895,15.18,76.67
15.18323,76.6702,308.2,0.54,0.68,20260904,1947,N20,VIIRS,70.0,2.0NRT,289.93,1.85,N,,0.7,,39.0,587.8522941019417,169237.19300683172,587.8522941019417,25000.0,300.0,1,PERSISTENT_INDUSTRIAL_FLARE,lance_archive,lance_archive_rule,JSW Steel Vijayanagar,0.588,15.18,76.67
15.18269,76.67524,311.05,0.54,0.68,20260904,1947,N20,VIIRS,70.0,2.0NRT,290.06,1.85,N,,0.7,,15.0,692.102286520389,169571.2000435303,692.102286520389,25000.0,300.0,1,PERSISTENT_INDUSTRIAL_FLARE,lance_archive,lance_archive_rule,JSW Steel Vijayanagar,0.692,15.18,76.68
15.17856,76.65443,308.14,0.54,0.68,20260904,1947,N20,VIIRS,70.0,2.0NRT,290.38,2.77,N,,0.7,,17.0,1779.3157531295044,168805.6573082006,1779.3157531295044,25000.0,300.0,1,PERSISTENT_INDUSTRIAL_FLARE,lance_archive,lance_archive_rule,JSW Steel Vijayanagar,1.779,15.18,76.65
15.17644,76.67462,307.18,0.54,0.68,20260904,1947,N20,VIIRS,70.0,2.0NRT,289.89,1.85,N,,0.7,,39.0,425.45388788652673,170128.77862964803,425.45388788652673,25000.0,300.0,1,PERSISTENT_INDUSTRIAL_FLARE,lance_archive,lance_archive_rule,JSW Steel Vijayanagar,0.425,15.18,76.67
11.19646,79.05567,300.86,0.33,0.55,20260904,1949,N20,VIIRS,70.0,2.0NRT,286.76,1.55,N,,0.7,,1.0,255161.24415015482,84681.64949514382,512472.0982016618,200.0,30000.0,2,AGRICULTURAL_BURNING,lance_archive,lance_archive_rule,cropland,84.682,11.2,79.06
11.17693,79.08677,307.96,0.33,0.55,20260904,1949,N20,VIIRS,70.0,2.0NRT,288.59,2.11,N,,0.7,,3.0,255331.27327609662,82668.83531554716,516051.74093216873,200.0,30000.0,2,AGRICULTURAL_BURNING,lance_archive,lance_archive_rule,cropland,82.669,11.18,79.09
19.02249,72.89153,334.0,0.33,0.55,20260904,2125,N20,VIIRS,70.0,2.0NRT,290.05,3.86,N,,0.7,,4.0,979.1036314936645,5157.5194807579255,231904.21942326744,25000.0,30000.0,1,PERSISTENT_INDUSTRIAL_FLARE,lance_archive,lance_archive_rule,BPCL Mumbai Refinery,0.979,19.02,72.89
19.02186,72.89457,332.93,0.33,0.55,20260904,2125,N20,VIIRS,70.0,2.0NRT,290.4,4.03,N,,0.7,,4.0,876.0438485201794,4911.403814826396,232015.56315554134,25000.0,30000.0,1,PERSISTENT_INDUSTRIAL_FLARE,lance_archive,lance_archive_rule,BPCL Mumbai Refinery,0.876,19.02,72.89
18.69118,73.03957,303.11,0.34,0.56,20260904,2125,N20,VIIRS,70.0,2.0NRT,289.73,0.96,N,,0.7,,13.0,39027.78309259456,40745.50947346656,270666.7768236407,200.0,30000.0,2,AGRICULTURAL_BURNING,lance_archive,lance_archive_rule,cropland,39.028,18.69,73.04
18.68741,73.03207,306.38,0.34,0.56,20260904,2125,N20,VIIRS,70.0,2.0NRT,290.44,2.08,N,,0.7,,8.0,39113.779122871056,40945.376707224925,270948.15615363105,200.0,30000.0,2,AGRICULTURAL_BURNING,lance_archive,lance_archive_rule,cropland,39.114,18.69,73.03
18.6861,73.0384,301.8,0.34,0.56,20260904,2125,N20,VIIRS,70.0,2.0NRT,290.11,0.96,N,,0.7,,13.0,39500.50931120636,41257.08455144089,271202.8824511329,200.0,30000.0,2,AGRICULTURAL_BURNING,lance_archive,lance_archive_rule,cropland,39.501,18.69,73.04
18.68169,73.03407,301.62,0.34,0.56,20260904,2125,N20,VIIRS,70.0,2.0NRT,290.29,1.48,N,,0.7,,11.0,39782.59679030486,41613.86882587524,271610.30343584355,200.0,30000.0,2,AGRICULTURAL_BURNING,lance_archive,lance_archive_rule,cropland,39.783,18.68,73.03
15.18306,76.66953,303.1,0.7,0.75,20260904,2125,N20,VIIRS,70.0,2.0NRT,287.56,3.27,N,,0.7,,39.0,584.343085433821,169215.81226338423,584.343085433821,25000.0,300.0,1,PERSISTENT_INDUSTRIAL_FLARE,lance_archive,lance_archive_rule,JSW Steel Vijayanagar,0.584,15.18,76.67
15.17927,76.65517,309.6,0.69,0.75,20260904,2125,N20,VIIRS,70.0,2.0NRT,287.34,4.31,N,,0.7,,32.0,1704.6685650249742,168778.69049260023,1704.6685650249742,25000.0,300.0,1,PERSISTENT_INDUSTRIAL_FLARE,lance_archive,lance_archive_rule,JSW Steel Vijayanagar,1.705,15.18,76.66
15.18014,76.6731,303.04,0.7,0.75,20260904,2125,N20,VIIRS,70.0,2.0NRT,287.38,3.38,N,,0.7,,39.0,327.7376352918758,169692.71657580195,327.7376352918758,25000.0,300.0,1,PERSISTENT_INDUSTRIAL_FLARE,lance_archive,lance_archive_rule,JSW Steel Vijayanagar,0.328,15.18,76.67
15.17767,76.65236,304.58,0.7,0.75,20260904,2125,N20,VIIRS,70.0,2.0NRT,287.09,2.23,N,,0.7,,17.0,2000.7106550992542,168776.75657824415,2000.7106550992542,25000.0,300.0,1,PERSISTENT_INDUSTRIAL_FLARE,lance_archive,lance_archive_rule,JSW Steel Vijayanagar,2.001,15.18,76.65
15.17627,76.65868,301.35,0.7,0.75,20260904,2125,N20,VIIRS,70.0,2.0NRT,287.48,2.5,N,,0.7,,32.0,1336.0611953974508,169258.47550097553,1336.0611953974508,25000.0,300.0,1,PERSISTENT_INDUSTRIAL_FLARE,lance_archive,lance_archive_rule,JSW Steel Vijayanagar,1.336,15.18,76.66
31.25863,76.92339,299.65,0.32,0.55,20260904,2123,N20,VIIRS,70.0,2.0NRT,286.47,0.74,N,,0.7,,3.0,205513.9087627374,306935.01066768874,1137393.8995345514,200.0,30000.0,2,AGRICULTURAL_BURNING,lance_archive,lance_archive_rule,cropland,205.514,31.26,76.92
31.25797,76.92616,299.97,0.32,0.55,20260904,2123,N20,VIIRS,70.0,2.0NRT,287.19,1.0,N,,0.7,,1.0,205433.9356233713,306809.8864772121,1137420.1821576997,200.0,30000.0,2,AGRICULTURAL_BURNING,lance_archive,lance_archive_rule,cropland,205.434,31.26,76.93
21.10428,72.64712,347.97,0.43,0.46,20260830,850,N20,VIIRS,70.0,2.0NRT,298.8,9.54,D,,0.7,,10.0,886.146877350353,124883.95153427168,5139.73474741919,25000.0,30000.0,1,PERSISTENT_INDUSTRIAL_FLARE,lance_archive,lance_archive_rule,ONGC Hazira Gas Processing Plant,0.886,21.1,72.65
21.1033,72.63883,334.9,0.43,0.46,20260830,850,N20,VIIRS,70.0,2.0NRT,296.27,5.36,D,,0.7,,26.0,1159.959995037585,125580.73283817842,4291.1946304421745,25000.0,30000.0,1,PERSISTENT_INDUSTRIAL_FLARE,lance_archive,lance_archive_rule,ONGC Hazira Gas Processing Plant,1.16,21.1,72.64
21.10281,72.6347,341.97,0.43,0.46,20260830,850,N20,VIIRS,70.0,2.0NRT,297.24,5.36,D,,0.7,,9.0,1478.4655245966196,125928.77801721932,3871.4195456461766,25000.0,30000.0,1,PERSISTENT_INDUSTRIAL_FLARE,lance_archive,lance_archive_rule,ONGC Hazira Gas Processing Plant,1.478,21.1,72.63
30.49334,73.83079,367.0,0.33,0.55,20260830,852,N20,VIIRS,90.0,2.0NRT,296.72,12.23,D,,0.9,,1.0,110327.30737685597,420311.83200534387,986415.7703413243,200.0,30000.0,2,AGRICULTURAL_BURNING,lance_archive,lance_archive_rule,cropland,110.327,30.49,73.83
31.57862,74.81806,332.74,0.39,0.59,20260830,852,N20,VIIRS,70.0,2.0NRT,293.89,3.13,D,,0.7,,1.0,152793.24524633665,427436.67256856884,1118384.4878102,200.0,300.0,2,AGRICULTURAL_BURNING,lance_archive,lance_archive_rule,cropland,152.793,31.58,74.82
15.18226,76.66277,300.4,0.69,0.74,20260830,1940,N20,VIIRS,70.0,2.0NRT,265.07,7.11,N,,0.7,,32.0,1002.2124360552663,168914.70463599195,1002.2124360552663,25000.0,300.0,1,PERSISTENT_INDUSTRIAL_FLARE,lance_archive,lance_archive_rule,JSW Steel Vijayanagar,1.002,15.18,76.66
10.10931,77.46021,303.47,0.53,0.67,20260830,1942,N20,VIIRS,70.0,2.0NRT,289.61,0.64,N,,0.7,,1.0,121382.18707295002,296190.87271793425,570075.2895561359,200.0,30000.0,2,AGRICULTURAL_BURNING,lance_archive,lance_archive_rule,cropland,121.382,10.11,77.46
18.49127,74.60493,301.0,0.34,0.56,20260830,2121,N20,VIIRS,70.0,2.0NRT,288.03,0.53,N,,0.7,,1.0,168890.04943856035,186246.53091570968,357062.69591633533,200.0,30000.0,2,AGRICULTURAL_BURNING,lance_archive,lance_archive_rule,cropland,168.89,18.49,74.6
18.54775,74.2534,306.65,0.33,0.55,20260830,2121,N20,VIIRS,70.0,2.0NRT,287.54,0.82,N,,0.7,,3.0,133749.96871823407,149348.48306816423,331389.6822839567,200.0,30000.0,2,AGRICULTURAL_BURNING,lance_archive,lance_archive_rule,cropland,133.75,18.55,74.25
17.54469,73.15681,334.72,0.58,0.52,20260830,2121,N20,VIIRS,70.0,2.0NRT,288.88,3.59,N,,0.7,,1.0,165719.30438214497,168352.16768683892,398525.0457251695,200.0,30000.0,2,AGRICULTURAL_BURNING,lance_archive,lance_archive_rule,cropland,165.719,17.54,73.16
29.47735,76.8579,334.37,0.56,0.52,20260830,2116,N20,VIIRS,70.0,2.0NRT,289.34,7.34,N,,0.7,,11.0,13772.388631121754,123297.4058057983,952526.236795956,200.0,30000.0,2,AGRICULTURAL_BURNING,lance_archive,lance_archive_rule,cropland,13.772,29.48,76.86
28.74474,76.9258,302.82,0.59,0.53,20260830,2116,N20,VIIRS,70.0,2.0NRT,286.68,1.53,N,,0.7,,3.0,34039.50102036515,65419.477840224776,882374.6710851613,200.0,30000.0,2,AGRICULTURAL_BURNING,lance_archive,lance_archive_rule,cropland,34.04,28.74,76.93
25.94213,72.19216,318.98,0.54,0.42,20260830,2118,N20,VIIRS,70.0,2.0NRT,293.98,2.51,N,,0.7,,11.0,1508.9753126899188,428644.3365872834,483427.69440500083,25000.0,30000.0,1,PERSISTENT_INDUSTRIAL_FLARE,lance_archive,lance_archive_rule,RIICO Balotra Industrial & Dyeing Area,1.509,25.94,72.19
17.77075,75.83885,338.77,0.48,0.4,20260831,830,N20,VIIRS,70.0,2.0NRT,299.26,1.97,D,,0.7,,1.0,301643.7485007665,143525.24188486824,301643.7485007665,200.0,30000.0,2,AGRICULTURAL_BURNING,lance_archive,lance_archive_rule,cropland,143.525,17.77,75.84
17.96539,75.48702,336.33,0.46,0.39,20260831,830,N20,VIIRS,70.0,2.0NRT,299.52,3.37,D,,0.7,,1.0,278729.02059774555,169415.93176762547,334639.330563299,200.0,30000.0,2,AGRICULTURAL_BURNING,lance_archive,lance_archive_rule,cropland,169.416,17.97,75.49
21.10255,72.63916,337.23,0.39,0.37,20260831,833,N20,VIIRS,70.0,2.0NRT,296.08,7.44,D,,0.7,,26.0,1212.9179257525718,125613.49717356557,4295.545432012917,25000.0,30000.0,1,PERSISTENT_INDUSTRIAL_FLARE,lance_archive,lance_archive_rule,ONGC Hazira Gas Processing Plant,1.213,21.1,72.64
21.102,72.63538,337.48,0.39,0.37,20260831,833,N20,VIIRS,70.0,2.0NRT,299.47,9.17,D,,0.7,,26.0,1494.086066096895,125893.18331295058,3905.427794531611,25000.0,30000.0,1,PERSISTENT_INDUSTRIAL_FLARE,lance_archive,lance_archive_rule,ONGC Hazira Gas Processing Plant,1.494,21.1,72.64
31.37635,74.44994,338.11,0.39,0.44,20260831,835,N20,VIIRS,70.0,2.0NRT,298.85,4.08,D,,0.7,,1.0,137832.8838750583,433827.3600547589,1090746.5694056943,200.0,300.0,2,AGRICULTURAL_BURNING,lance_archive,lance_archive_rule,cropland,137.833,31.38,74.45
31.41202,74.55347,330.68,0.39,0.44,20260831,835,N20,VIIRS,70.0,2.0NRT,299.58,1.49,D,,0.7,,1.0,138675.3375231398,429891.962138956,1096089.600916579,200.0,300.0,2,AGRICULTURAL_BURNING,lance_archive,lance_archive_rule,cropland,138.675,31.41,74.55
31.47198,74.22855,332.0,0.57,0.43,20260831,835,N20,VIIRS,70.0,2.0NRT,300.74,3.85,D,,0.7,,1.0,155768.57645453204,456199.6054531216,1098586.1847686209,200.0,300.0,2,AGRICULTURAL_BURNING,lance_archive,lance_archive_rule,cropland,155.769,31.47,74.23
31.80262,73.7253,330.04,0.54,0.42,20260831,835,N20,VIIRS,70.0,2.0NRT,297.09,3.75,D,,0.7,,1.0,211340.76669982614,516015.78804641176,1130764.8710664583,200.0,30000.0,2,AGRICULTURAL_BURNING,lance_archive,lance_archive_rule,cropland,211.341,31.8,73.73
10.03775,78.14595,334.77,0.52,0.41,20260831,828,N20,VIIRS,50.0,2.0NRT,305.02,4.01,D,,0.5,,1.0,195847.44951067376,241700.0526016734,593539.2385014966,200.0,30000.0,2,AGRICULTURAL_BURNING,lance_archive,lance_archive_rule,cropland,195.847,10.04,78.15
10.04175,77.58042,339.12,0.48,0.4,20260831,828,N20,VIIRS,70.0,2.0NRT,304.56,29.4,D,,0.7,,1.0,133969.09144696253,289434.044245447,579581.4557860683,200.0,30000.0,2,AGRICULTURAL_BURNING,lance_archive,lance_archive_rule,cropland,133.969,10.04,77.58
10.27317,78.84991,337.68,0.38,0.43,20260831,828,N20,VIIRS,70.0,2.0NRT,288.04,3.9,D,,0.7,,1.0,274551.0773752323,171218.98108728344,594361.8262288226,200.0,30000.0,2,AGRICULTURAL_BURNING,lance_archive,lance_archive_rule,cropland,171.219,10.27,78.85
10.28726,77.86376,336.28,0.5,0.41,20260831,828,N20,VIIRS,70.0,2.0NRT,282.82,4.79,D,,0.7,,1.0,168055.67575157603,248405.47847063202,558990.4509773989,200.0,30000.0,2,AGRICULTURAL_BURNING,lance_archive,lance_archive_rule,cropland,168.056,10.29,77.86
10.66276,78.48209,335.26,0.55,0.43,20260831,828,N20,VIIRS,70.0,2.0NRT,299.46,2.22,D,,0.7,,1.0,244036.89085246227,169035.1357974678,539055.4230016377,200.0,30000.0,2,AGRICULTURAL_BURNING,lance_archive,lance_archive_rule,cropland,169.035,10.66,78.48
10.73763,78.73309,335.81,0.57,0.43,20260831,828,N20,VIIRS,70.0,2.0NRT,298.79,3.35,D,,0.7,,1.0,272695.4136118156,142069.81657407834,541930.4880666235,200.0,30000.0,2,AGRICULTURAL_BURNING,lance_archive,lance_archive_rule,cropland,142.07,10.74,78.73
10.76245,78.65031,334.91,0.57,0.43,20260831,828,N20,VIIRS,70.0,2.0NRT,299.28,3.55,D,,0.7,,1.0,264953.9142377194,147628.3450510384,535761.6013678398,200.0,30000.0,2,AGRICULTURAL_BURNING,lance_archive,lance_archive_rule,cropland,147.628,10.76,78.65
10.76564,78.65233,338.36,0.57,0.43,20260831,828,N20,VIIRS,70.0,2.0NRT,300.99,5.89,D,,0.7,,3.0,265276.57993929775,147242.72281965826,535523.6976608074,200.0,30000.0,2,AGRICULTURAL_BURNING,lance_archive,lance_archive_rule,cropland,147.243,10.77,78.65
10.84943,78.79076,335.91,0.39,0.44,20260831,828,N20,VIIRS,70.0,2.0NRT,300.38,3.38,D,,0.7,,1.0,282613.2265332394,129527.5608817349,533268.3256070305,200.0,30000.0,2,AGRICULTURAL_BURNING,lance_archive,lance_archive_rule,cropland,129.528,10.85,78.79
11.46265,79.2357,335.83,0.42,0.45,20260831,828,N20,VIIRS,70.0,2.0NRT,300.33,3.95,D,,0.7,,1.0,219697.51365145473,56891.943631068345,497648.55465940305,200.0,30000.0,2,AGRICULTURAL_BURNING,lance_archive,lance_archive_rule,cropland,56.892,11.46,79.24
11.45847,79.20508,331.29,0.42,0.45,20260831,828,N20,VIIRS,70.0,2.0NRT,298.72,4.75,D,,0.7,,1.0,221794.56399455687,60261.05807239637,496197.98902221204,200.0,30000.0,2,AGRICULTURAL_BURNING,lance_archive,lance_archive_rule,cropland,60.261,11.46,79.21
11.19128,76.92039,332.0,0.46,0.39,20260831,828,N20,VIIRS,70.0,2.0NRT,296.2,2.29,D,,0.7,,1.0,142690.2687834129,311113.17026181554,444124.1227470902,200.0,300.0,2,AGRICULTURAL_BURNING,lance_archive,lance_archive_rule,cropland,142.69,11.19,76.92
11.62768,78.61454,338.59,0.39,0.44,20260831,828,N20,VIIRS,70.0,2.0NRT,299.74,2.1,D,,0.7,,2.0,247286.22805157694,124469.76412958208,447244.29600243754,200.0,30000.0,2,AGRICULTURAL_BURNING,lance_archive,lance_archive_rule,cropland,124.47,11.63,78.61
11.70993,79.0149,333.03,0.41,0.45,20260831,828,N20,VIIRS,70.0,2.0NRT,300.21,1.34,D,,0.7,,1.0,210892.6948653719,82789.39367439762,461459.151417367,200.0,30000.0,2,AGRICULTURAL_BURNING,lance_archive,lance_archive_rule,cropland,82.789,11.71,79.01
11.47324,77.20173,333.62,0.48,0.4,20260831,828,N20,VIIRS,70.0,2.0NRT,295.28,3.2,D,,0.7,,1.0,185588.3384797925,278066.4149165272,415932.1826596318,200.0,300.0,2,AGRICULTURAL_BURNING,lance_archive,lance_archive_rule,cropland,185.588,11.47,77.2
12.05407,79.33384,333.4,0.43,0.46,20260831,828,N20,VIIRS,50.0,2.0NRT,303.79,1.84,D,,0.5,,1.0,159300.4583839032,73834.77605827466,451055.0758095739,200.0,30000.0,2,AGRICULTURAL_BURNING,lance_archive,lance_archive_rule,cropland,73.835,12.05,79.33
11.88784,77.23312,339.3,0.49,0.4,20260831,828,N20,VIIRS,70.0,2.0NRT,295.55,4.91,D,,0.7,,1.0,226923.32110953177,277203.34019888897,370860.2176992371,200.0,300.0,2,AGRICULTURAL_BURNING,lance_archive,lance_archive_rule,cropland,226.923,11.89,77.23
12.24117,79.08451,341.4,0.42,0.45,20260831,828,N20,VIIRS,70.0,2.0NRT,299.69,3.57,D,,0.7,,1.0,163695.41009988185,107280.65606204346,417852.5517395955,200.0,30000.0,2,AGRICULTURAL_BURNING,lance_archive,lance_archive_rule,cropland,107.281,12.24,79.08
12.40623,79.97924,330.41,0.48,0.48,20260831,828,N20,VIIRS,70.0,2.0NRT,300.37,4.96,D,,0.7,,1.0,89900.49980215047,100276.62983852325,471794.168302063,200.0,30000.0,2,AGRICULTURAL_BURNING,lance_archive,lance_archive_rule,cropland,89.9,12.41,79.98
12.34985,79.22876,351.38,0.43,0.46,20260831,828,N20,VIIRS,70.0,2.0NRT,306.01,26.13,D,,0.7,,2.0,143912.9471869739,107344.05968699462,418552.5629457574,200.0,30000.0,2,AGRICULTURAL_BURNING,lance_archive,lance_archive_rule,cropland,107.344,12.35,79.23
12.35043,79.22861,353.47,0.43,0.46,20260831,828,N20,VIIRS,70.0,2.0NRT,303.73,20.52,D,,0.7,,2.0,143884.69744765168,107407.33631701744,418493.2011622703,200.0,30000.0,2,AGRICULTURAL_BURNING,lance_archive,lance_archive_rule,cropland,107.407,12.35,79.23
21.10775,72.64704,312.17,0.41,0.37,20260831,2059,N20,VIIRS,70.0,2.0NRT,281.09,1.67,N,,0.7,,21.0,517.7946026123154,124622.9879535053,5263.978196975976,25000.0,30000.0,1,PERSISTENT_INDUSTRIAL_FLARE,lance_archive,lance_archive_rule,ONGC Hazira Gas Processing Plant,0.518,21.11,72.65
21.10298,72.63417,330.34,0.41,0.37,20260831,2059,N20,VIIRS,70.0,2.0NRT,284.89,2.63,N,,0.7,,9.0,1506.0187132774506,125955.66214548195,3827.432904289842,25000.0,30000.0,1,PERSISTENT_INDUSTRIAL_FLARE,lance_archive,lance_archive_rule,ONGC Hazira Gas Processing Plant,1.506,21.1,72.63
21.10232,72.63803,306.19,0.41,0.37,20260831,2059,N20,VIIRS,70.0,2.0NRT,282.98,2.63,N,,0.7,,26.0,1296.6646712705042,125715.98648788233,4176.39279523575,25000.0,30000.0,1,PERSISTENT_INDUSTRIAL_FLARE,lance_archive,lance_archive_rule,ONGC Hazira Gas Processing Plant,1.297,21.1,72.64
11.18185,79.09965,306.88,0.46,0.63,20260831,2101,N20,VIIRS,70.0,2.0NRT,286.8,1.49,N,,0.7,,4.0,254160.73686084658,81173.5750848149,516287.35427390086,200.0,30000.0,2,AGRICULTURAL_BURNING,lance_archive,lance_archive_rule,cropland,81.174,11.18,79.1
11.28316,77.87854,300.36,0.38,0.58,20260831,2101,N20,VIIRS,70.0,2.0NRT,283.12,0.23,N,,0.7,,1.0,219599.21615072337,206177.49045901044,452372.4476651571,200.0,30000.0,2,AGRICULTURAL_BURNING,lance_archive,lance_archive_rule,cropland,206.177,11.28,77.88
31.60895,74.38851,309.35,0.39,0.36,20260831,2057,N20,VIIRS,70.0,2.0NRT,295.35,0.74,N,,0.7,,1.0,164180.41130683545,456576.98469347873,1115584.324302039,200.0,300.0,2,AGRICULTURAL_BURNING,lance_archive,lance_archive_rule,cropland,164.18,31.61,74.39
31.64362,74.15421,310.73,0.39,0.36,20260831,2057,N20,VIIRS,70.0,2.0NRT,295.24,0.87,N,,0.7,,2.0,176030.01672401244,474674.6714915568,1116749.6271057848,200.0,300.0,2,AGRICULTURAL_BURNING,lance_archive,lance_archive_rule,cropland,176.03,31.64,74.15
30.25077,74.9136,308.85,0.4,0.37,20260831,2057,N20,VIIRS,70.0,2.0NRT,296.36,1.01,N,,0.7,,1.0,5073.726339021448,318287.4479458136,975059.7761681753,200.0,300.0,2,AGRICULTURAL_BURNING,lance_archive,lance_archive_rule,cropland,5.074,30.25,74.91
30.18642,74.48694,311.31,0.39,0.36,20260831,2057,N20,VIIRS,70.0,2.0NRT,294.97,2.35,N,,0.7,,2.0,42840.03015335538,348725.5838745189,960478.2935725927,200.0,300.0,2,AGRICULTURAL_BURNING,lance_archive,lance_archive_rule,cropland,42.84,30.19,74.49
29.46107,76.8892,307.39,0.47,0.4,20260831,2057,N20,VIIRS,70.0,2.0NRT,292.41,3.12,N,,0.7,,3.0,10244.375750961766,120117.38776634067,952169.80276636,200.0,30000.0,2,AGRICULTURAL_BURNING,lance_archive,lance_archive_rule,cropland,10.244,29.46,76.89
25.94237,72.19138,308.51,0.38,0.36,20260831,2057,N20,VIIRS,70.0,2.0NRT,292.63,1.0,N,,0.7,,11.0,1589.4627652310003,428619.20789791783,483467.1843177642,25000.0,30000.0,1,PERSISTENT_INDUSTRIAL_FLARE,lance_archive,lance_archive_rule,RIICO Balotra Industrial & Dyeing Area,1.589,25.94,72.19
30.66109,76.31641,334.5,0.43,0.38,20260901,813,N20,VIIRS,70.0,2.0NRT,298.08,3.62,D,,0.7,,1.0,141966.69790481936,263336.7737007139,1055091.7134609849,200.0,300.0,2,AGRICULTURAL_BURNING,lance_archive,lance_archive_rule,cropland,141.967,30.66,76.32
31.13703,74.91448,330.19,0.4,0.37,20260901,813,N20,VIIRS,50.0,2.0NRT,305.04,6.71,D,,0.5,,1.0,103317.01022295922,384152.9400485317,1071709.757626903,200.0,300.0,2,AGRICULTURAL_BURNING,lance_archive,lance_archive_rule,cropland,103.317,31.14,74.91
31.12613,74.62209,336.29,0.39,0.36,20260901,813,N20,VIIRS,70.0,2.0NRT,298.91,8.0,D,,0.7,,1.0,106307.11151893159,402575.5591906846,1065687.053762845,200.0,300.0,2,AGRICULTURAL_BURNING,lance_archive,lance_archive_rule,cropland,106.307,31.13,74.62
31.62152,73.99264,332.44,0.39,0.36,20260901,816,N20,VIIRS,70.0,2.0NRT,297.98,1.96,D,,0.7,,1.0,180925.23570632064,483819.1260310794,1112749.4167742974,200.0,30000.0,2,AGRICULTURAL_BURNING,lance_archive,lance_archive_rule,cropland,180.925,31.62,73.99
10.16487,79.23363,332.5,0.39,0.36,20260901,809,N20,VIIRS,50.0,2.0NRT,303.93,4.19,D,,0.5,,1.0,315406.5040238385,162253.9557484397,622869.2949025461,200.0,30000.0,2,AGRICULTURAL_BURNING,lance_archive,lance_archive_rule,cropland,162.254,10.16,79.23
10.04949,77.92572,342.23,0.39,0.36,20260901,809,N20,VIIRS,50.0,2.0NRT,310.22,24.12,D,,0.5,,1.0,171782.00479255355,258860.76609070602,586279.9858254748,200.0,30000.0,2,AGRICULTURAL_BURNING,lance_archive,lance_archive_rule,cropland,171.782,10.05,77.93
10.53186,79.39458,336.41,0.39,0.36,20260901,809,N20,VIIRS,50.0,2.0NRT,308.6,4.3,D,,0.5,,1.0,307780.97142423695,117889.56106960362,594999.8278246138,200.0,30000.0,2,AGRICULTURAL_BURNING,lance_archive,lance_archive_rule,cropland,117.89,10.53,79.39
10.67378,79.27847,337.66,0.39,0.36,20260901,809,N20,VIIRS,70.0,2.0NRT,307.5,3.46,D,,0.7,,1.0,297072.27387472976,108571.19815574583,575027.1166167054,200.0,30000.0,2,AGRICULTURAL_BURNING,lance_archive,lance_archive_rule,cropland,108.571,10.67,79.28
10.85916,79.8132,333.86,0.4,0.37,20260901,809,N20,VIIRS,70.0,2.0NRT,303.25,1.98,D,,0.7,,2.0,261228.54004529846,75104.00722653115,588593.1069751607,200.0,30000.0,2,AGRICULTURAL_BURNING,lance_archive,lance_archive_rule,cropland,75.104,10.86,79.81
10.89396,79.54767,331.55,0.39,0.36,20260901,809,N20,VIIRS,50.0,2.0NRT,304.62,2.42,D,,0.5,,1.0,264365.19242192415,74397.69551149737,569192.7461834666,200.0,30000.0,2,AGRICULTURAL_BURNING,lance_archive,lance_archive_rule,cropland,74.398,10.89,79.55
10.86964,79.29421,338.56,0.39,0.36,20260901,809,N20,VIIRS,50.0,2.0NRT,309.91,3.41,D,,0.5,,1.0,276182.17046322214,89043.75840299728,556975.6022527115,200.0,30000.0,2,AGRICULTURAL_BURNING,lance_archive,lance_archive_rule,cropland,89.044,10.87,79.29
10.88104,79.32494,339.46,0.39,0.36,20260901,809,N20,VIIRS,50.0,2.0NRT,310.8,2.56,D,,0.5,,2.0,273753.9443294009,86135.61733294046,557590.7829950822,200.0,30000.0,2,AGRICULTURAL_BURNING,lance_archive,lance_archive_rule,cropland,86.136,10.88,79.32
10.96822,79.74831,330.42,0.39,0.37,20260901,809,N20,VIIRS,50.0,2.0NRT,302.13,3.13,D,,0.5,,1.0,250779.73394979918,62691.56228694526,574596.6383163056,200.0,30000.0,2,AGRICULTURAL_BURNING,lance_archive,lance_archive_rule,cropland,62.692,10.97,79.75
10.94656,79.55784,330.16,0.39,0.36,20260901,809,N20,VIIRS,50.0,2.0NRT,302.62,3.76,D,,0.5,,1.0,258446.85848257167,68489.23045948829,564898.3666827104,200.0,30000.0,2,AGRICULTURAL_BURNING,lance_archive,lance_archive_rule,cropland,68.489,10.95,79.56
11.01856,79.83994,338.87,0.4,0.37,20260901,809,N20,VIIRS,70.0,2.0NRT,305.96,3.22,D,,0.7,,2.0,243269.86620876167,57873.747757330275,575882.2808093315,200.0,30000.0,2,AGRICULTURAL_BURNING,lance_archive,lance_archive_rule,cropland,57.874,11.02,79.84
11.00979,79.4135,341.18,0.39,0.36,20260901,809,N20,VIIRS,70.0,2.0NRT,308.25,3.37,D,,0.7,,2.0,256907.5504551544,68865.46357779701,550448.926205851,200.0,30000.0,2,AGRICULTURAL_BURNING,lance_archive,lance_archive_rule,cropland,68.865,11.01,79.41
11.06238,79.42599,342.69,0.39,0.36,20260901,809,N20,VIIRS,70.0,2.0NRT,308.14,3.87,D,,0.7,,1.0,250958.57611197347,63232.09430685028,546255.0937289436,200.0,30000.0,2,AGRICULTURAL_BURNING,lance_archive,lance_archive_rule,cropland,63.232,11.06,79.43
11.19052,79.69118,331.18,0.39,0.37,20260901,809,N20,VIIRS,50.0,2.0NRT,301.92,2.07,D,,0.5,,1.0,228323.4266928728,38564.28294852665,550867.298450938,200.0,30000.0,2,AGRICULTURAL_BURNING,lance_archive,lance_archive_rule,cropland,38.564,11.19,79.69
11.14982,78.03407,340.69,0.39,0.36,20260901,809,N20,VIIRS,70.0,2.0NRT,308.1,6.75,D,,0.7,,4.0,223916.49033094628,192161.54860484356,471589.5066239174,200.0,30000.0,2,AGRICULTURAL_BURNING,lance_archive,lance_archive_rule,cropland,192.162,11.15,78.03
11.33965,79.0102,340.85,0.39,0.36,20260901,809,N20,VIIRS,70.0,2.0NRT,309.77,8.93,D,,0.7,,1.0,244305.18415598827,83733.51192168826,496216.7407343129,200.0,30000.0,2,AGRICULTURAL_BURNING,lance_archive,lance_archive_rule,cropland,83.734,11.34,79.01
11.47595,79.2412,333.51,0.39,0.36,20260901,809,N20,VIIRS,50.0,2.0NRT,304.48,3.37,D,,0.5,,1.0,218118.07072862523,56113.481924067826,496750.2524638488,200.0,30000.0,2,AGRICULTURAL_BURNING,lance_archive,lance_archive_rule,cropland,56.113,11.48,79.24
11.69631,79.12608,349.14,0.39,0.36,20260901,809,N20,VIIRS,70.0,2.0NRT,310.78,13.01,D,,0.7,,2.0,204595.52276126936,70685.05721261476,469421.74540370016,200.0,30000.0,2,AGRICULTURAL_BURNING,lance_archive,lance_archive_rule,cropland,70.685,11.7,79.13
11.84283,78.90457,340.49,0.39,0.36,20260901,809,N20,VIIRS,50.0,2.0NRT,311.25,8.25,D,,0.5,,2.0,208005.60958038585,98638.58711663834,442526.6332891782,200.0,30000.0,2,AGRICULTURAL_BURNING,lance_archive,lance_archive_rule,cropland,98.639,11.84,78.9
11.99543,79.53955,338.87,0.4,0.37,20260901,809,N20,VIIRS,70.0,2.0NRT,307.58,9.74,D,,0.7,,1.0,151861.92129065224,56527.528276273944,470458.2366019747,200.0,30000.0,2,AGRICULTURAL_BURNING,lance_archive,lance_archive_rule,cropland,56.528,12.0,79.54
12.05794,79.8463,335.54,0.4,0.37,20260901,809,N20,VIIRS,70.0,2.0NRT,302.75,2.41,D,,0.7,,2.0,131231.6377538365,59357.05445215668,487935.11436885654,200.0,30000.0,2,AGRICULTURAL_BURNING,lance_archive,lance_archive_rule,cropland,59.357,12.06,79.85
12.06666,79.58771,338.45,0.4,0.37,20260901,809,N20,VIIRS,70.0,2.0NRT,305.63,2.7,D,,0.7,,1.0,142377.69032586477,62114.03683054728,467988.25513740536,200.0,30000.0,2,AGRICULTURAL_BURNING,lance_archive,lance_archive_rule,cropland,62.114,12.07,79.59
12.09079,79.56552,341.42,0.4,0.37,20260901,809,N20,VIIRS,70.0,2.0NRT,308.34,10.37,D,,0.7,,3.0,141338.0032896779,65399.4488797447,464379.8273166383,200.0,30000.0,2,AGRICULTURAL_BURNING,lance_archive,lance_archive_rule,cropland,65.399,12.09,79.57
12.32097,79.67798,336.31,0.4,0.37,20260901,809,N20,VIIRS,70.0,2.0NRT,304.35,4.51,D,,0.7,,1.0,113200.65188902571,88108.29538440696,454290.4150920343,200.0,30000.0,2,AGRICULTURAL_BURNING,lance_archive,lance_archive_rule,cropland,88.108,12.32,79.68
12.32043,79.67432,334.36,0.4,0.37,20260901,809,N20,VIIRS,50.0,2.0NRT,304.79,3.47,D,,0.5,,1.0,113471.23745282456,88086.31148893702,454050.23596718523,200.0,30000.0,2,AGRICULTURAL_BURNING,lance_archive,lance_archive_rule,cropland,88.086,12.32,79.67
12.33565,78.99867,348.36,0.39,0.36,20260901,809,N20,VIIRS,70.0,2.0NRT,312.93,22.47,D,,0.7,,1.0,164892.09347499898,121326.16525043256,403828.0103240704,200.0,30000.0,2,AGRICULTURAL_BURNING,lance_archive,lance_archive_rule,cropland,121.326,12.34,79.0
12.41561,79.51421,334.56,0.4,0.37,20260901,809,N20,VIIRS,70.0,2.0NRT,304.89,1.9,D,,0.7,,1.0,116131.98377759871,101628.25828709554,434273.64783365466,200.0,30000.0,2,AGRICULTURAL_BURNING,lance_archive,lance_archive_rule,cropland,101.628,12.42,79.51
12.33323,78.84695,345.02,0.39,0.36,20260901,809,N20,VIIRS,70.0,2.0NRT,310.36,6.94,D,,0.7,,1.0,178888.6739933039,132866.82372598135,394054.78832519735,200.0,30000.0,2,AGRICULTURAL_BURNING,lance_archive,lance_archive_rule,cropland,132.867,12.33,78.85
12.13971,77.07882,345.6,0.4,0.37,20260901,809,N20,VIIRS,50.0,2.0NRT,298.79,12.97,D,,0.5,,1.0,245334.02186841145,298772.6334358176,340703.24562238797,200.0,300.0,2,AGRICULTURAL_BURNING,lance_archive,lance_archive_rule,cropland,245.334,12.14,77.08
15.17716,76.65712,340.96,0.39,0.36,20260901,809,N20,VIIRS,70.0,2.0NRT,297.93,4.07,D,,0.7,,32.0,1492.47638701053,169087.50323965435,1492.47638701053,25000.0,300.0,1,PERSISTENT_INDUSTRIAL_FLARE,lance_archive,lance_archive_rule,JSW Steel Vijayanagar,1.492,15.18,76.66
17.99069,74.74986,333.18,0.42,0.38,20260901,811,N20,VIIRS,70.0,2.0NRT,299.54,2.95,D,,0.7,,1.0,212777.3300228564,204131.42044466006,373794.18824235705,200.0,30000.0,2,AGRICULTURAL_BURNING,lance_archive,lance_archive_rule,cropland,204.131,17.99,74.75
32.10409,74.17372,316.46,0.49,0.41,20260901,2038,N20,VIIRS,70.0,2.0NRT,293.24,1.86,N,,0.7,,1.0,222838.49106747325,511253.84344043856,1167852.819754328,200.0,300.0,2,AGRICULTURAL_BURNING,lance_archive,lance_archive_rule,cropland,222.838,32.1,74.17
32.10223,74.17729,318.25,0.49,0.41,20260901,2038,N20,VIIRS,70.0,2.0NRT,293.85,1.77,N,,0.7,,3.0,222533.21035028674,510878.55787695636,1167682.882268173,200.0,300.0,2,AGRICULTURAL_BURNING,lance_archive,lance_archive_rule,cropland,222.533,32.1,74.18
29.12574,75.77645,309.75,0.41,0.37,20260901,2040,N20,VIIRS,70.0,2.0NRT,295.3,0.88,N,,0.7,,1.0,118797.5685477312,184988.51496335072,876747.9552143998,200.0,30000.0,2,AGRICULTURAL_BURNING,lance_archive,lance_archive_rule,cropland,118.798,29.13,75.78
27.79342,75.33019,305.85,0.41,0.37,20260901,2040,N20,VIIRS,70.0,2.0NRT,293.56,0.88,N,,0.7,,1.0,84254.7820998438,234353.4201701206,722530.7151222802,200.0,30000.0,2,AGRICULTURAL_BURNING,lance_archive,lance_archive_rule,cropland,84.255,27.79,75.33
21.10774,72.64625,339.47,0.45,0.39,20260901,2042,N20,VIIRS,70.0,2.0NRT,293.54,5.93,N,,0.7,,21.0,491.1169469822046,124683.00308345303,5187.670354395734,25000.0,30000.0,1,PERSISTENT_INDUSTRIAL_FLARE,lance_archive,lance_archive_rule,ONGC Hazira Gas Processing Plant,0.491,21.11,72.65
21.10893,72.63769,312.71,0.45,0.39,20260901,2042,N20,VIIRS,70.0,2.0NRT,292.29,2.98,N,,0.7,,17.0,831.5808092107386,125235.6922614406,4440.551921721815,25000.0,30000.0,1,PERSISTENT_INDUSTRIAL_FLARE,lance_archive,lance_archive_rule,ONGC Hazira Gas Processing Plant,0.832,21.11,72.64
21.10419,72.64568,323.91,0.45,0.39,20260901,2042,N20,VIIRS,70.0,2.0NRT,291.88,4.03,N,,0.7,,10.0,871.2924682175988,124998.65887488096,4994.698473200663,25000.0,30000.0,1,PERSISTENT_INDUSTRIAL_FLARE,lance_archive,lance_archive_rule,ONGC Hazira Gas Processing Plant,0.871,21.1,72.65
21.10184,72.63655,324.85,0.45,0.39,20260901,2042,N20,VIIRS,70.0,2.0NRT,291.8,3.51,N,,0.7,,26.0,1429.9196593369738,125863.97120372286,4013.8474420037032,25000.0,30000.0,1,PERSISTENT_INDUSTRIAL_FLARE,lance_archive,lance_archive_rule,ONGC Hazira Gas Processing Plant,1.43,21.1,72.64
19.93619,73.71277,304.74,0.4,0.37,20260901,2042,N20,VIIRS,70.0,2.0NRT,279.38,1.0,N,,0.7,,3.0,98635.4300263039,103217.40562166087,172886.70215454567,200.0,30000.0,2,AGRICULTURAL_BURNING,lance_archive,lance_archive_rule,cropland,98.635,19.94,73.71
18.73721,74.40431,305.19,0.39,0.36,20260901,2042,N20,VIIRS,70.0,2.0NRT,288.23,0.68,N,,0.7,,1.0,138102.67104123847,158298.67454845147,322520.66222785146,200.0,30000.0,2,AGRICULTURAL_BURNING,lance_archive,lance_archive_rule,cropland,138.103,18.74,74.4
18.69181,73.0416,313.51,0.41,0.37,20260901,2042,N20,VIIRS,70.0,2.0NRT,290.51,2.54,N,,0.7,,13.0,39047.82591695396,40736.3517626744,270633.8528238437,200.0,30000.0,2,AGRICULTURAL_BURNING,lance_archive,lance_archive_rule,cropland,39.048,18.69,73.04
18.6867,73.02881,317.53,0.41,0.37,20260901,2042,N20,VIIRS,70.0,2.0NRT,290.4,1.16,N,,0.7,,8.0,39061.20828956391,40937.78002603351,270969.4143742744,200.0,30000.0,2,AGRICULTURAL_BURNING,lance_archive,lance_archive_rule,cropland,39.061,18.69,73.03
18.68613,73.0327,304.88,0.41,0.37,20260901,2042,N20,VIIRS,70.0,2.0NRT,290.31,1.16,N,,0.7,,8.0,39270.572425473154,41099.76251305785,271099.508163379,200.0,30000.0,2,AGRICULTURAL_BURNING,lance_archive,lance_archive_rule,cropland,39.271,18.69,73.03
18.50696,74.2235,303.35,0.39,0.36,20260901,2042,N20,VIIRS,70.0,2.0NRT,288.01,0.68,N,,0.7,,1.0,133696.316468365,148212.14249586847,333675.4013752686,200.0,30000.0,2,AGRICULTURAL_BURNING,lance_archive,lance_archive_rule,cropland,133.696,18.51,74.22
18.68271,73.03214,308.23,0.41,0.37,20260901,2042,N20,VIIRS,70.0,2.0NRT,290.21,1.16,N,,0.7,,11.0,39602.25514069852,41453.5274310077,271464.79807542276,200.0,30000.0,2,AGRICULTURAL_BURNING,lance_archive,lance_archive_rule,cropland,39.602,18.68,73.03
18.68214,73.03605,306.31,0.41,0.37,20260901,2042,N20,VIIRS,70.0,2.0NRT,290.95,1.55,N,,0.7,,8.0,39813.87751058053,41618.164686991506,271595.6323465738,200.0,30000.0,2,AGRICULTURAL_BURNING,lance_archive,lance_archive_rule,cropland,39.814,18.68,73.04
18.68157,73.03994,307.51,0.41,0.37,20260901,2042,N20,VIIRS,70.0,2.0NRT,290.16,1.55,N,,0.7,,8.0,40027.90447452374,41785.744891256276,271726.6799380532,200.0,30000.0,2,AGRICULTURAL_BURNING,lance_archive,lance_archive_rule,cropland,40.028,18.68,73.04
15.18178,76.66653,330.83,0.43,0.38,20260901,2044,N20,VIIRS,70.0,2.0NRT,286.3,5.15,N,,0.7,,39.0,637.790839901655,169169.724180645,637.790839901655,25000.0,300.0,1,PERSISTENT_INDUSTRIAL_FLARE,lance_archive,lance_archive_rule,JSW Steel Vijayanagar,0.638,15.18,76.67
15.18044,76.67444,312.89,0.43,0.38,20260901,2044,N20,VIIRS,70.0,2.0NRT,287.2,2.96,N,,0.7,,39.0,458.1432221344958,169739.42955200115,458.1432221344958,25000.0,300.0,1,PERSISTENT_INDUSTRIAL_FLARE,lance_archive,lance_archive_rule,JSW Steel Vijayanagar,0.458,15.18,76.67
15.18032,76.65404,306.82,0.43,0.38,20260901,2044,N20,VIIRS,70.0,2.0NRT,286.7,1.81,N,,0.7,,17.0,1838.262728540885,168616.2262227687,1838.262728540885,25000.0,300.0,1,PERSISTENT_INDUSTRIAL_FLARE,lance_archive,lance_archive_rule,JSW Steel Vijayanagar,1.838,15.18,76.65
15.17631,76.67775,304.74,0.43,0.38,20260901,2044,N20,VIIRS,70.0,2.0NRT,286.6,1.08,N,,0.7,,15.0,748.3647908302164,170316.63692917651,748.3647908302164,25000.0,300.0,1,PERSISTENT_INDUSTRIAL_FLARE,lance_archive,lance_archive_rule,JSW Steel Vijayanagar,0.748,15.18,76.68
15.17364,76.69354,314.15,0.43,0.38,20260901,2044,N20,VIIRS,70.0,2.0NRT,286.11,0.98,N,,0.7,,9.0,2467.035666326878,171461.13159355544,2467.035666326878,25000.0,300.0,1,PERSISTENT_INDUSTRIAL_FLARE,lance_archive,lance_archive_rule,JSW Steel Vijayanagar,2.467,15.17,76.69
15.17686,76.65341,320.45,0.43,0.38,20260901,2044,N20,VIIRS,70.0,2.0NRT,286.85,1.81,N,,0.7,,17.0,1891.9470985362818,168911.82431197673,1891.9470985362818,25000.0,300.0,1,PERSISTENT_INDUSTRIAL_FLARE,lance_archive,lance_archive_rule,JSW Steel Vijayanagar,1.892,15.18,76.65
15.1762,76.65736,323.45,0.43,0.38,20260901,2044,N20,VIIRS,70.0,2.0NRT,287.88,1.81,N,,0.7,,32.0,1477.4185185851254,169192.30940799275,1477.4185185851254,25000.0,300.0,1,PERSISTENT_INDUSTRIAL_FLARE,lance_archive,lance_archive_rule,JSW Steel Vijayanagar,1.477,15.18,76.66
12.03402,79.0584,312.73,0.42,0.45,20260901,2044,N20,VIIRS,70.0,2.0NRT,289.62,2.18,N,,0.7,,1.0,181152.99749952453,93982.45563533816,434475.4237290765,200.0,30000.0,2,AGRICULTURAL_BURNING,lance_archive,lance_archive_rule,cropland,93.982,12.03,79.06
11.97294,78.38143,304.35,0.38,0.43,20260901,2044,N20,VIIRS,70.0,2.0NRT,285.39,1.53,N,,0.7,,1.0,243086.21499350766,157157.92729361416,401472.727830563,200.0,30000.0,2,AGRICULTURAL_BURNING,lance_archive,lance_archive_rule,cropland,157.158,11.97,78.38
11.81575,77.91618,308.23,0.54,0.42,20260901,2044,N20,VIIRS,70.0,2.0NRT,290.91,1.73,N,,0.7,,5.0,264198.25114966574,202492.92673048688,397360.3927631705,200.0,30000.0,2,AGRICULTURAL_BURNING,lance_archive,lance_archive_rule,cropland,202.493,11.82,77.92
11.59199,77.27399,317.63,0.5,0.41,20260901,2044,N20,VIIRS,70.0,2.0NRT,288.37,2.61,N,,0.7,,10.0,200941.11745853876,270141.40152712207,404043.994785836,200.0,300.0,2,AGRICULTURAL_BURNING,lance_archive,lance_archive_rule,cropland,200.941,11.59,77.27
11.58907,77.26868,310.31,0.5,0.41,20260901,2044,N20,VIIRS,70.0,2.0NRT,287.92,1.16,N,,0.7,,10.0,200350.5515680529,270713.2901332693,404272.2646324567,200.0,300.0,2,AGRICULTURAL_BURNING,lance_archive,lance_archive_rule,cropland,200.351,11.59,77.27
11.43284,77.16509,304.91,0.5,0.41,20260901,2044,N20,VIIRS,70.0,2.0NRT,292.31,1.98,N,,0.7,,2.0,179634.8699423306,282217.62009244453,419859.4686221607,200.0,300.0,2,AGRICULTURAL_BURNING,lance_archive,lance_archive_rule,cropland,179.635,11.43,77.17
11.43157,77.16232,305.54,0.5,0.41,20260901,2044,N20,VIIRS,70.0,2.0NRT,291.95,1.47,N,,0.7,,2.0,179350.24548024376,282525.4129283255,419961.51828755543,200.0,300.0,2,AGRICULTURAL_BURNING,lance_archive,lance_archive_rule,cropland,179.35,11.43,77.16
10.92422,78.5191,317.32,0.4,0.45,20260901,2044,N20,VIIRS,70.0,2.0NRT,291.99,2.65,N,,0.7,,2.0,258043.62871418163,150592.72925120284,513597.8382743385,200.0,30000.0,2,AGRICULTURAL_BURNING,lance_archive,lance_archive_rule,cropland,150.593,10.92,78.52
10.4508,77.30746,311.85,0.52,0.42,20260901,2044,N20,VIIRS,70.0,2.0NRT,291.67,1.69,N,,0.7,,1.0,115748.47960269508,292762.3003500338,530148.2303346045,200.0,30000.0,2,AGRICULTURAL_BURNING,lance_archive,lance_archive_rule,cropland,115.748,10.45,77.31
10.51527,78.92046,332.79,0.54,0.42,20260902,750,N20,VIIRS,70.0,2.0NRT,297.0,2.76,D,,0.7,,1.0,286353.8836459438,145044.4078239362,572927.710104836,200.0,30000.0,2,AGRICULTURAL_BURNING,lance_archive,lance_archive_rule,cropland,145.044,10.52,78.92
10.42062,77.4873,343.63,0.45,0.47,20260902,750,N20,VIIRS,70.0,2.0NRT,302.08,6.15,D,,0.7,,1.0,132456.65150509917,276476.81515475136,536345.6583003034,200.0,30000.0,2,AGRICULTURAL_BURNING,lance_archive,lance_archive_rule,cropland,132.457,10.42,77.49
10.86362,77.56113,342.21,0.43,0.46,20260902,750,N20,VIIRS,70.0,2.0NRT,304.49,9.3,D,,0.7,,2.0,163414.60605780996,250368.02654187466,489328.08385879145,200.0,30000.0,2,AGRICULTURAL_BURNING,lance_archive,lance_archive_rule,cropland,163.415,10.86,77.56
10.86017,77.56201,341.44,0.43,0.46,20260902,750,N20,VIIRS,70.0,2.0NRT,304.23,9.43,D,,0.7,,2.0,163265.57197743453,250391.89800639666,489723.0895249069,200.0,30000.0,2,AGRICULTURAL_BURNING,lance_archive,lance_archive_rule,cropland,163.266,10.86,77.56
10.85615,77.46578,335.41,0.44,0.46,20260902,750,N20,VIIRS,70.0,2.0NRT,300.19,2.42,D,,0.7,,1.0,154626.2209801233,260559.40161977577,488216.4546608273,200.0,300.0,2,AGRICULTURAL_BURNING,lance_archive,lance_archive_rule,cropland,154.626,10.86,77.47
11.14817,78.0351,356.46,0.4,0.44,20260902,750,N20,VIIRS,70.0,2.0NRT,299.53,12.06,D,,0.7,,1.0,223903.62971087455,192093.2421059499,471798.7998271456,200.0,30000.0,2,AGRICULTURAL_BURNING,lance_archive,lance_archive_rule,cropland,192.093,11.15,78.04
11.11218,77.13387,334.45,0.46,0.47,20260902,750,N20,VIIRS,70.0,2.0NRT,298.44,3.76,D,,0.7,,1.0,149014.072441705,289355.03638493724,454866.9138430119,200.0,300.0,2,AGRICULTURAL_BURNING,lance_archive,lance_archive_rule,cropland,149.014,11.11,77.13
11.12016,76.91273,342.38,0.47,0.48,20260902,750,N20,VIIRS,70.0,2.0NRT,297.55,12.59,D,,0.7,,1.0,135498.124145056,313038.8551947029,451969.3937290177,200.0,300.0,2,AGRICULTURAL_BURNING,lance_archive,lance_archive_rule,cropland,135.498,11.12,76.91
12.17468,79.01917,336.76,0.51,0.41,20260902,750,N20,VIIRS,50.0,2.0NRT,300.42,4.05,D,,0.5,,1.0,173874.71376962028,107164.27379101898,419370.7234016851,200.0,30000.0,2,AGRICULTURAL_BURNING,lance_archive,lance_archive_rule,cropland,107.164,12.17,79.02
12.19443,78.03655,335.76,0.39,0.44,20260902,750,N20,VIIRS,70.0,2.0NRT,297.46,2.58,D,,0.7,,1.0,264084.4044251764,200781.79609891438,363074.04903491406,200.0,30000.0,2,AGRICULTURAL_BURNING,lance_archive,lance_archive_rule,cropland,200.782,12.19,78.04
12.00362,76.78979,335.07,0.47,0.48,20260902,750,N20,VIIRS,70.0,2.0NRT,298.64,5.23,D,,0.7,,1.0,221014.70226739103,326801.2338957847,353208.30406472547,200.0,300.0,2,AGRICULTURAL_BURNING,lance_archive,lance_archive_rule,cropland,221.015,12.0,76.79
12.09333,76.95873,331.52,0.45,0.47,20260902,750,N20,VIIRS,70.0,2.0NRT,293.45,2.39,D,,0.7,,1.0,235972.46400520104,310464.86636904354,344405.6066723945,200.0,300.0,2,AGRICULTURAL_BURNING,lance_archive,lance_archive_rule,cropland,235.972,12.09,76.96
12.42062,78.77126,334.62,0.52,0.42,20260902,750,N20,VIIRS,70.0,2.0NRT,298.09,9.7,D,,0.7,,2.0,181275.22648408255,145488.51831238324,381356.5020744105,200.0,30000.0,2,AGRICULTURAL_BURNING,lance_archive,lance_archive_rule,cropland,145.489,12.42,78.77
15.17519,76.65701,334.72,0.42,0.45,20260902,752,N20,VIIRS,70.0,2.0NRT,296.11,4.69,D,,0.7,,32.0,1533.5316804720353,169269.37388412227,1533.5316804720353,25000.0,300.0,1,PERSISTENT_INDUSTRIAL_FLARE,lance_archive,lance_archive_rule,JSW Steel Vijayanagar,1.534,15.18,76.66
15.18141,76.66771,337.29,0.42,0.45,20260902,752,N20,VIIRS,70.0,2.0NRT,296.2,5.19,D,,0.7,,39.0,518.1022107236256,169270.71011436227,518.1022107236256,25000.0,300.0,1,PERSISTENT_INDUSTRIAL_FLARE,lance_archive,lance_archive_rule,JSW Steel Vijayanagar,0.518,15.18,76.67
17.67695,75.30758,341.2,0.46,0.47,20260902,752,N20,VIIRS,70.0,2.0NRT,295.72,7.62,D,,0.7,,3.0,280713.02524144266,144709.36417572197,313613.99395830726,200.0,30000.0,2,AGRICULTURAL_BURNING,lance_archive,lance_archive_rule,cropland,144.709,17.68,75.31
15.18766,76.67159,311.27,0.42,0.38,20260902,2023,N20,VIIRS,70.0,2.0NRT,288.07,1.29,N,,0.7,,1.0,1076.0074179302742,168895.26767629897,1076.0074179302742,25000.0,300.0,1,PERSISTENT_INDUSTRIAL_FLARE,lance_archive,lance_archive_rule,JSW Steel Vijayanagar,1.076,15.19,76.67
15.18708,76.67549,304.11,0.42,0.38,20260902,2023,N20,VIIRS,70.0,2.0NRT,287.53,1.0,N,,0.7,,1.0,1118.7322512162955,169169.72047469037,1118.7322512162955,25000.0,300.0,1,PERSISTENT_INDUSTRIAL_FLARE,lance_archive,lance_archive_rule,JSW Steel Vijayanagar,1.119,15.19,76.68
15.18421,76.67104,307.15,0.42,0.38,20260902,2023,N20,VIIRS,70.0,2.0NRT,287.73,1.93,N,,0.7,,39.0,690.5338366308167,169191.32978233974,690.5338366308167,25000.0,300.0,1,PERSISTENT_INDUSTRIAL_FLARE,lance_archive,lance_archive_rule,JSW Steel Vijayanagar,0.691,15.18,76.67
15.18363,76.67496,304.17,0.42,0.38,20260902,2023,N20,VIIRS,70.0,2.0NRT,288.26,1.49,N,,0.7,,39.0,756.6416680720947,169466.43275784963,756.6416680720947,25000.0,300.0,1,PERSISTENT_INDUSTRIAL_FLARE,lance_archive,lance_archive_rule,JSW Steel Vijayanagar,0.757,15.18,76.67
15.18134,76.6666,323.6,0.42,0.38,20260902,2023,N20,VIIRS,70.0,2.0NRT,287.62,1.93,N,,0.7,,39.0,600.7429415508293,169215.42800652544,600.7429415508293,25000.0,300.0,1,PERSISTENT_INDUSTRIAL_FLARE,lance_archive,lance_archive_rule,JSW Steel Vijayanagar,0.601,15.18,76.67
15.18017,76.67442,312.62,0.42,0.38,20260902,2023,N20,VIIRS,70.0,2.0NRT,286.62,1.49,N,,0.7,,39.0,439.2327919104208,169763.89791825187,439.2327919104208,25000.0,300.0,1,PERSISTENT_INDUSTRIAL_FLARE,lance_archive,lance_archive_rule,JSW Steel Vijayanagar,0.439,15.18,76.67
15.17381,76.69349,309.9,0.42,0.38,20260902,2023,N20,VIIRS,70.0,2.0NRT,287.59,1.19,N,,0.7,,9.0,2458.120880821419,171442.2553111866,2458.120880821419,25000.0,300.0,1,PERSISTENT_INDUSTRIAL_FLARE,lance_archive,lance_archive_rule,JSW Steel Vijayanagar,2.458,15.17,76.69
15.17616,76.65379,312.81,0.42,0.38,20260902,2023,N20,VIIRS,70.0,2.0NRT,288.41,2.39,N,,0.7,,17.0,1858.2165509758734,168999.56291750897,1858.2165509758734,25000.0,300.0,1,PERSISTENT_INDUSTRIAL_FLARE,lance_archive,lance_archive_rule,JSW Steel Vijayanagar,1.858,15.18,76.65
15.17558,76.6577,319.62,0.42,0.38,20260902,2023,N20,VIIRS,70.0,2.0NRT,289.15,2.78,N,,0.7,,32.0,1452.4571304879212,169270.20152255057,1452.4571304879212,25000.0,300.0,1,PERSISTENT_INDUSTRIAL_FLARE,lance_archive,lance_archive_rule,JSW Steel Vijayanagar,1.452,15.18,76.66
30.21693,76.76219,306.64,0.4,0.45,20260902,2019,N20,VIIRS,70.0,2.0NRT,288.61,1.37,N,,0.7,,1.0,92002.17362744825,200413.82257675557,1024113.0116496182,200.0,30000.0,2,AGRICULTURAL_BURNING,lance_archive,lance_archive_rule,cropland,92.002,30.22,76.76
13.16177,80.28377,320.68,0.41,0.37,20260902,2023,N20,VIIRS,70.0,2.0NRT,289.13,2.78,N,,0.7,,6.0,2273.4415993135863,190171.4539321345,449389.56242875656,25000.0,30000.0,1,PERSISTENT_INDUSTRIAL_FLARE,lance_archive,lance_archive_rule,TN PetroProducts Manali,2.273,13.16,80.28
12.08651,77.05036,296.31,0.39,0.37,20260902,2025,N20,VIIRS,70.0,2.0NRT,274.71,0.68,N,,0.7,,1.0,238696.9218838542,300549.4441766605,346193.0650386008,200.0,300.0,2,AGRICULTURAL_BURNING,lance_archive,lance_archive_rule,cropland,238.697,12.09,77.05
11.81568,77.91785,302.56,0.38,0.36,20260902,2025,N20,VIIRS,70.0,2.0NRT,273.32,1.16,N,,0.7,,5.0,264317.6180961113,202312.10784394573,397428.9167343914,200.0,30000.0,2,AGRICULTURAL_BURNING,lance_archive,lance_archive_rule,cropland,202.312,11.82,77.92
11.81183,77.92081,299.39,0.38,0.36,20260902,2025,N20,VIIRS,70.0,2.0NRT,272.09,1.04,N,,0.7,,10.0,264229.1221424311,201928.69346688956,397940.55461362546,200.0,30000.0,2,AGRICULTURAL_BURNING,lance_archive,lance_archive_rule,cropland,201.929,11.81,77.92
11.59508,77.26291,332.16,0.39,0.36,20260902,2025,N20,VIIRS,70.0,2.0NRT,274.37,3.05,N,,0.7,,2.0,200561.92334606266,271355.2296199353,403512.9986880846,200.0,300.0,2,AGRICULTURAL_BURNING,lance_archive,lance_archive_rule,cropland,200.562,11.6,77.26
11.59177,77.26229,297.35,0.39,0.36,20260902,2025,N20,VIIRS,70.0,2.0NRT,272.69,0.44,N,,0.7,,2.0,200217.29498909658,271415.0908179699,403865.83962768456,200.0,300.0,2,AGRICULTURAL_BURNING,lance_archive,lance_archive_rule,cropland,200.217,11.59,77.26
21.10632,72.64294,338.93,0.55,0.51,20260902,2021,N20,VIIRS,70.0,2.0NRT,291.19,5.46,N,,0.7,,17.0,666.7578576969968,125040.41649120927,4810.087218811283,25000.0,30000.0,1,PERSISTENT_INDUSTRIAL_FLARE,lance_archive,lance_archive_rule,ONGC Hazira Gas Processing Plant,0.667,21.11,72.64
21.10572,72.64827,307.52,0.55,0.51,20260902,2021,N20,VIIRS,70.0,2.0NRT,290.68,5.46,N,,0.7,,21.0,776.3318406731287,124687.00094079638,5303.902418111096,25000.0,30000.0,1,PERSISTENT_INDUSTRIAL_FLARE,lance_archive,lance_archive_rule,ONGC Hazira Gas Processing Plant,0.776,21.11,72.65
10.49617,79.46641,343.03,0.34,0.56,20260903,731,N20,VIIRS,70.0,2.0NRT,298.62,3.94,D,,0.7,,1.0,309299.9684095119,119350.92354718113,602336.3983357792,200.0,30000.0,2,AGRICULTURAL_BURNING,lance_archive,lance_archive_rule,cropland,119.351,10.5,79.47
12.44623,79.14983,338.77,0.33,0.55,20260903,731,N20,VIIRS,70.0,2.0NRT,293.75,3.06,D,,0.7,,1.0,144404.66363229958,120989.24880847216,404841.14134228823,200.0,30000.0,2,AGRICULTURAL_BURNING,lance_archive,lance_archive_rule,cropland,120.989,12.45,79.15
21.10291,72.64852,334.62,0.6,0.7,20260903,733,N20,VIIRS,70.0,2.0NRT,288.64,9.08,D,,0.7,,10.0,1074.6956555915028,124884.9042438438,5234.268520633128,25000.0,30000.0,1,PERSISTENT_INDUSTRIAL_FLARE,lance_archive,lance_archive_rule,ONGC Hazira Gas Processing Plant,1.075,21.1,72.65
11.17709,79.08981,308.03,0.49,0.4,20260903,2006,N20,VIIRS,70.0,2.0NRT,292.77,0.88,N,,0.7,,3.0,255151.38729898474,82369.26838475512,516203.1756487046,200.0,30000.0,2,AGRICULTURAL_BURNING,lance_archive,lance_archive_rule,cropland,82.369,11.18,79.09
10.61815,77.42112,308.73,0.4,0.44,20260903,2006,N20,VIIRS,70.0,2.0NRT,291.53,0.77,N,,0.7,,2.0,135553.23898107727,273999.8021466572,513505.6949114154,200.0,300.0,2,AGRICULTURAL_BURNING,lance_archive,lance_archive_rule,cropland,135.553,10.62,77.42
29.91132,74.94312,306.14,0.49,0.65,20260903,2002,N20,VIIRS,70.0,2.0NRT,290.62,0.8,N,,0.7,,2.0,33006.66479654479,295378.5291534069,938763.9597871668,200.0,30000.0,2,AGRICULTURAL_BURNING,lance_archive,lance_archive_rule,cropland,33.007,29.91,74.94
29.91007,74.94244,304.52,0.49,0.65,20260903,2002,N20,VIIRS,70.0,2.0NRT,290.73,1.02,N,,0.7,,2.0,33143.53744059956,295365.61322019383,938614.0689469714,200.0,30000.0,2,AGRICULTURAL_BURNING,lance_archive,lance_archive_rule,cropland,33.144,29.91,74.94
29.48014,76.85374,305.02,0.37,0.58,20260903,2002,N20,VIIRS,70.0,2.0NRT,288.34,0.73,N,,0.7,,2.0,14278.662769848548,123779.30578909525,952637.8197437245,200.0,30000.0,2,AGRICULTURAL_BURNING,lance_archive,lance_archive_rule,cropland,14.279,29.48,76.85
29.47475,76.85314,367.0,0.37,0.58,20260903,2002,N20,VIIRS,90.0,2.0NRT,288.75,8.36,N,,0.9,,2.0,14015.462650934616,123314.63092961343,952069.8104074,200.0,30000.0,2,AGRICULTURAL_BURNING,lance_archive,lance_archive_rule,cropland,14.015,29.47,76.85
29.47446,76.85703,309.14,0.37,0.58,20260903,2002,N20,VIIRS,70.0,2.0NRT,288.99,5.44,N,,0.7,,4.0,13675.184124410907,123077.43646318317,952199.3462224735,200.0,30000.0,2,AGRICULTURAL_BURNING,lance_archive,lance_archive_rule,cropland,13.675,29.47,76.86
29.47757,76.85374,367.0,0.37,0.58,20260903,2002,N20,VIIRS,90.0,2.0NRT,288.83,9.46,N,,0.9,,2.0,14126.978436910735,123542.13078810842,952378.6521833048,200.0,30000.0,2,AGRICULTURAL_BURNING,lance_archive,lance_archive_rule,cropland,14.127,29.48,76.85
29.47725,76.85763,310.55,0.37,0.58,20260903,2002,N20,VIIRS,70.0,2.0NRT,289.14,6.79,N,,0.7,,11.0,13788.533642655068,123302.70474994047,952505.1313324021,200.0,30000.0,2,AGRICULTURAL_BURNING,lance_archive,lance_archive_rule,cropland,13.789,29.48,76.86
28.74499,76.92669,296.37,0.36,0.58,20260903,2002,N20,VIIRS,70.0,2.0NRT,279.34,2.1,N,,0.7,,3.0,34042.90934127748,65346.28707863699,882439.4889039176,200.0,30000.0,2,AGRICULTURAL_BURNING,lance_archive,lance_archive_rule,cropland,34.043,28.74,76.93
28.71685,76.8332,299.98,0.37,0.58,20260903,2002,N20,VIIRS,70.0,2.0NRT,274.6,1.13,N,,0.7,,1.0,34830.056146892726,73206.32886259761,875472.2852501848,200.0,30000.0,2,AGRICULTURAL_BURNING,lance_archive,lance_archive_rule,cropland,34.83,28.72,76.83
26.7609,83.19978,308.37,0.46,0.39,20260903,2002,N20,VIIRS,70.0,2.0NRT,290.5,3.62,N,,0.7,,3.0,454210.00428979023,534537.16205146,454210.00428979023,200.0,30000.0,2,AGRICULTURAL_BURNING,lance_archive,lance_archive_rule,cropland,454.21,26.76,83.2
25.94085,72.18671,305.68,0.67,0.74,20260903,2002,N20,VIIRS,70.0,2.0NRT,288.86,2.0,N,,0.7,,11.0,1941.12937475406,428205.04279783356,483379.8506370211,25000.0,30000.0,1,PERSISTENT_INDUSTRIAL_FLARE,lance_archive,lance_archive_rule,RIICO Balotra Industrial & Dyeing Area,1.941,25.94,72.19
15.18437,76.66389,316.88,0.52,0.5,20260903,2006,N20,VIIRS,70.0,2.0NRT,282.7,4.2,N,,0.7,,32.0,1041.0974056466987,168776.46137753845,1041.0974056466987,25000.0,300.0,1,PERSISTENT_INDUSTRIAL_FLARE,lance_archive,lance_archive_rule,JSW Steel Vijayanagar,1.041,15.18,76.66
15.18376,76.66869,317.37,0.52,0.5,20260903,2006,N20,VIIRS,70.0,2.0NRT,285.48,3.3,N,,0.7,,39.0,686.7831135845454,169102.39279359762,686.7831135845454,25000.0,300.0,1,PERSISTENT_INDUSTRIAL_FLARE,lance_archive,lance_archive_rule,JSW Steel Vijayanagar,0.687,15.18,76.67
15.18315,76.67349,309.9,0.52,0.5,20260903,2006,N20,VIIRS,70.0,2.0NRT,286.21,3.3,N,,0.7,,39.0,631.9301556807386,169429.2820983824,631.9301556807386,25000.0,300.0,1,PERSISTENT_INDUSTRIAL_FLARE,lance_archive,lance_archive_rule,JSW Steel Vijayanagar,0.632,15.18,76.67
15.18254,76.67829,306.64,0.52,0.5,20260903,2006,N20,VIIRS,70.0,2.0NRT,286.46,2.6,N,,0.7,,15.0,931.0652163044892,169757.1237719141,931.0652163044892,25000.0,300.0,1,PERSISTENT_INDUSTRIAL_FLARE,lance_archive,lance_archive_rule,JSW Steel Vijayanagar,0.931,15.18,76.68
15.17644,76.6531,311.26,0.52,0.5,20260903,2006,N20,VIIRS,70.0,2.0NRT,279.38,2.15,N,,0.7,,17.0,1928.7817692519043,168934.8999433024,1928.7817692519043,25000.0,300.0,1,PERSISTENT_INDUSTRIAL_FLARE,lance_archive,lance_archive_rule,JSW Steel Vijayanagar,1.929,15.18,76.65
15.17583,76.65791,312.3,0.52,0.5,20260903,2006,N20,VIIRS,70.0,2.0NRT,284.12,3.54,N,,0.7,,32.0,1425.3476491706697,169257.93809524822,1425.3476491706697,25000.0,300.0,1,PERSISTENT_INDUSTRIAL_FLARE,lance_archive,lance_archive_rule,JSW Steel Vijayanagar,1.425,15.18,76.66
25.94266,72.1937,315.55,0.43,0.62,20260903,2142,N20,VIIRS,70.0,2.0NRT,292.06,1.66,N,,0.7,,11.0,1414.9957104041532,428783.5357771902,483459.78308006894,25000.0,30000.0,1,PERSISTENT_INDUSTRIAL_FLARE,lance_archive,lance_archive_rule,RIICO Balotra Industrial & Dyeing Area,1.415,25.94,72.19
25.94423,72.19559,310.82,0.43,0.62,20260903,2142,N20,VIIRS,70.0,2.0NRT,292.21,1.92,N,,0.7,,2.0,1392.3729749416045,429036.4124005078,483600.0326598194,25000.0,30000.0,1,PERSISTENT_INDUSTRIAL_FLARE,lance_archive,lance_archive_rule,RIICO Balotra Industrial & Dyeing Area,1.392,25.94,72.2
21.11042,72.64252,302.58,0.58,0.7,20260903,2144,N20,VIIRS,70.0,2.0NRT,286.94,1.64,N,,0.7,,17.0,311.5227391454938,124757.88516567608,4961.108539366874,25000.0,30000.0,1,PERSISTENT_INDUSTRIAL_FLARE,lance_archive,lance_archive_rule,ONGC Hazira Gas Processing Plant,0.312,21.11,72.64
21.1091,72.64794,303.32,0.58,0.7,20260903,2144,N20,VIIRS,70.0,2.0NRT,287.57,1.64,N,,0.7,,21.0,443.83827913026585,124451.77879759303,5407.799918716159,25000.0,30000.0,1,PERSISTENT_INDUSTRIAL_FLARE,lance_archive,lance_archive_rule,ONGC Hazira Gas Processing Plant,0.444,21.11,72.65
21.10634,72.64722,303.47,0.58,0.7,20260903,2144,N20,VIIRS,70.0,2.0NRT,287.36,1.48,N,,0.7,,21.0,670.1721157880545,124717.90088160156,5224.746732085498,25000.0,30000.0,1,PERSISTENT_INDUSTRIAL_FLARE,lance_archive,lance_archive_rule,ONGC Hazira Gas Processing Plant,0.67,21.11,72.65
21.10505,72.65266,303.05,0.58,0.7,20260903,2144,N20,VIIRS,70.0,2.0NRT,287.14,1.48,N,,0.7,,21.0,1108.4300026563537,124410.59886931689,5713.595572709342,25000.0,30000.0,1,PERSISTENT_INDUSTRIAL_FLARE,lance_archive,lance_archive_rule,ONGC Hazira Gas Processing Plant,1.108,21.11,72.65
29.47733,76.8575,334.66,0.66,0.73,20260903,2142,N20,VIIRS,70.0,2.0NRT,288.13,5.4,N,,0.7,,11.0,13803.923413416467,123317.09801219836,952507.88975876,200.0,30000.0,2,AGRICULTURAL_BURNING,lance_archive,lance_archive_rule,cropland,13.804,29.48,76.86
29.47375,76.85448,316.52,0.66,0.73,20260903,2142,N20,VIIRS,70.0,2.0NRT,287.5,3.16,N,,0.7,,2.0,13847.370120571639,123149.8802771609,952023.6590494617,200.0,30000.0,2,AGRICULTURAL_BURNING,lance_archive,lance_archive_rule,cropland,13.847,29.47,76.85
29.47193,76.86103,313.99,0.66,0.73,20260903,2142,N20,VIIRS,70.0,2.0NRT,287.4,3.16,N,,0.7,,4.0,13198.419589853942,122628.05297062952,952107.7386614147,200.0,30000.0,2,AGRICULTURAL_BURNING,lance_archive,lance_archive_rule,cropland,13.198,29.47,76.86
29.90804,74.94972,304.42,0.5,0.66,20260903,2142,N20,VIIRS,70.0,2.0NRT,290.39,0.96,N,,0.7,,3.0,33397.60007639116,294645.258367652,938545.9933454023,200.0,30000.0,2,AGRICULTURAL_BURNING,lance_archive,lance_archive_rule,cropland,33.398,29.91,74.95
10.09586,77.89691,340.86,0.55,0.51,20260905,737,N21,VIIRS,70.0,2.0NRT,299.51,9.09,D,,0.7,,1.0,168891.60040795113,258060.73661858102,580539.6628653237,200.0,30000.0,2,AGRICULTURAL_BURNING,lance_archive,lance_archive_rule,cropland,168.892,10.1,77.9
10.09445,77.89512,342.08,0.55,0.51,20260905,737,N21,VIIRS,70.0,2.0NRT,301.1,13.48,D,,0.7,,1.0,168685.77760335227,258311.6937089738,580647.9360665838,200.0,30000.0,2,AGRICULTURAL_BURNING,lance_archive,lance_archive_rule,cropland,168.686,10.09,77.9
10.43229,79.63264,342.49,0.41,0.45,20260905,737,N21,VIIRS,70.0,2.0NRT,298.67,4.35,D,,0.7,,1.0,311694.1132284472,122985.93201498556,617673.6145518239,200.0,30000.0,2,AGRICULTURAL_BURNING,lance_archive,lance_archive_rule,cropland,122.986,10.43,79.63
10.40149,79.27921,331.57,0.44,0.46,20260905,737,N21,VIIRS,70.0,2.0NRT,297.24,7.13,D,,0.7,,1.0,322917.8606253054,135930.87163064972,601687.3125194886,200.0,30000.0,2,AGRICULTURAL_BURNING,lance_archive,lance_archive_rule,cropland,135.931,10.4,79.28
10.27044,77.25731,330.63,0.6,0.53,20260905,737,N21,VIIRS,70.0,2.0NRT,297.08,7.7,D,,0.7,,1.0,103193.48003413976,306481.4883451847,549386.1783229449,200.0,30000.0,2,AGRICULTURAL_BURNING,lance_archive,lance_archive_rule,cropland,103.193,10.27,77.26
10.71123,79.4289,341.69,0.42,0.45,20260905,737,N21,VIIRS,70.0,2.0NRT,300.29,6.18,D,,0.7,,2.0,287649.13389538927,97876.42285453858,579623.9317358,200.0,30000.0,2,AGRICULTURAL_BURNING,lance_archive,lance_archive_rule,cropland,97.876,10.71,79.43
10.43859,77.31449,339.76,0.59,0.53,20260905,737,N21,VIIRS,70.0,2.0NRT,301.16,12.02,D,,0.7,,1.0,115852.91968861817,292629.2261710172,531594.0515677279,200.0,30000.0,2,AGRICULTURAL_BURNING,lance_archive,lance_archive_rule,cropland,115.853,10.44,77.31
10.87756,79.31715,332.91,0.43,0.46,20260905,737,N21,VIIRS,70.0,2.0NRT,298.71,4.55,D,,0.7,,2.0,274428.05054852157,86922.98994638739,557489.2094377204,200.0,30000.0,2,AGRICULTURAL_BURNING,lance_archive,lance_archive_rule,cropland,86.923,10.88,79.32
10.68266,77.4065,338.57,0.58,0.52,20260905,737,N21,VIIRS,70.0,2.0NRT,303.34,11.41,D,,0.7,,1.0,138031.8017378403,272891.4264667655,506170.85673495714,200.0,300.0,2,AGRICULTURAL_BURNING,lance_archive,lance_archive_rule,cropland,138.032,10.68,77.41
10.98393,78.21921,337.97,0.5,0.49,20260905,737,N21,VIIRS,70.0,2.0NRT,300.17,7.0,D,,0.7,,1.0,231465.64875783253,178023.24048649552,495575.317533234,200.0,30000.0,2,AGRICULTURAL_BURNING,lance_archive,lance_archive_rule,cropland,178.023,10.98,78.22
11.00214,77.12466,339.89,0.6,0.53,20260905,737,N21,VIIRS,70.0,2.0NRT,303.19,13.48,D,,0.7,,2.0,139190.08601420975,292616.17330671387,466925.44922639657,200.0,300.0,2,AGRICULTURAL_BURNING,lance_archive,lance_archive_rule,cropland,139.19,11.0,77.12
11.48418,77.27011,333.99,0.57,0.52,20260905,739,N21,VIIRS,70.0,2.0NRT,300.69,3.57,D,,0.7,,1.0,190831.47538031504,270585.9131687976,415815.7766140493,200.0,300.0,2,AGRICULTURAL_BURNING,lance_archive,lance_archive_rule,cropland,190.831,11.48,77.27
12.15397,78.16905,336.62,0.48,0.48,20260905,739,N21,VIIRS,70.0,2.0NRT,302.19,4.39,D,,0.7,,1.0,253031.627334706,185733.39645174038,373175.5081763193,200.0,30000.0,2,AGRICULTURAL_BURNING,lance_archive,lance_archive_rule,cropland,185.733,12.15,78.17
15.18146,76.66666,332.37,0.54,0.51,20260905,739,N21,VIIRS,70.0,2.0NRT,300.59,8.52,D,,0.7,,39.0,604.1042529172529,169207.3740194612,604.1042529172529,25000.0,300.0,1,PERSISTENT_INDUSTRIAL_FLARE,lance_archive,lance_archive_rule,JSW Steel Vijayanagar,0.604,15.18,76.67
31.37815,74.56349,332.02,0.55,0.43,20260905,744,N21,VIIRS,70.0,2.0NRT,296.82,3.97,D,,0.7,,1.0,134791.58798985367,426496.2729565731,1092508.090561504,200.0,300.0,2,AGRICULTURAL_BURNING,lance_archive,lance_archive_rule,cropland,134.792,31.38,74.56
32.09121,74.14559,308.15,0.38,0.58,20260905,2008,N21,VIIRS,70.0,2.0NRT,290.77,1.38,N,,0.7,,1.0,222371.92965827364,511885.9765584524,1166150.6470265014,200.0,300.0,2,AGRICULTURAL_BURNING,lance_archive,lance_archive_rule,cropland,222.372,32.09,74.15
29.47612,76.85525,303.57,0.48,0.48,20260905,2008,N21,VIIRS,70.0,2.0NRT,287.24,0.57,N,,0.7,,11.0,13918.163456574912,123326.7605162793,952294.0500960641,200.0,30000.0,2,AGRICULTURAL_BURNING,lance_archive,lance_archive_rule,cropland,13.918,29.48,76.86
15.18623,76.65672,307.98,0.5,0.41,20260905,2012,N21,VIIRS,70.0,2.0NRT,293.31,2.33,N,,0.7,,3.0,1784.8967817669738,168201.04855110575,1784.8967817669738,25000.0,300.0,1,PERSISTENT_INDUSTRIAL_FLARE,lance_archive,lance_archive_rule,JSW Steel Vijayanagar,1.785,15.19,76.66
15.18124,76.66544,330.93,0.5,0.41,20260905,2012,N21,VIIRS,70.0,2.0NRT,293.11,5.22,N,,0.7,,39.0,697.0038443830339,169160.27735698826,697.0038443830339,25000.0,300.0,1,PERSISTENT_INDUSTRIAL_FLARE,lance_archive,lance_archive_rule,JSW Steel Vijayanagar,0.697,15.18,76.67
15.18312,76.65155,307.36,0.5,0.41,20260905,2012,N21,VIIRS,70.0,2.0NRT,292.72,1.62,N,,0.7,,17.0,2163.523269704158,168211.86007968598,2163.523269704158,25000.0,300.0,1,PERSISTENT_INDUSTRIAL_FLARE,lance_archive,lance_archive_rule,JSW Steel Vijayanagar,2.164,15.18,76.65
15.17999,76.67468,310.65,0.5,0.41,20260905,2012,N21,VIIRS,70.0,2.0NRT,292.94,2.82,N,,0.7,,39.0,452.68850774509366,169795.54873702113,452.68850774509366,25000.0,300.0,1,PERSISTENT_INDUSTRIAL_FLARE,lance_archive,lance_archive_rule,JSW Steel Vijayanagar,0.453,15.18,76.67
15.17876,76.65566,309.99,0.5,0.41,20260905,2012,N21,VIIRS,70.0,2.0NRT,292.85,1.62,N,,0.7,,32.0,1648.3940546527645,168854.36019264013,1648.3940546527645,25000.0,300.0,1,PERSISTENT_INDUSTRIAL_FLARE,lance_archive,lance_archive_rule,JSW Steel Vijayanagar,1.648,15.18,76.66
15.17626,76.67416,313.32,0.5,0.41,20260905,2012,N21,VIIRS,70.0,2.0NRT,292.76,2.82,N,,0.7,,39.0,390.43155955948083,170120.09679843698,390.43155955948083,25000.0,300.0,1,PERSISTENT_INDUSTRIAL_FLARE,lance_archive,lance_archive_rule,JSW Steel Vijayanagar,0.39,15.18,76.67
15.17563,76.67879,309.68,0.5,0.41,20260905,2012,N21,VIIRS,70.0,2.0NRT,292.9,2.87,N,,0.7,,15.0,876.5503931607948,170439.48217874108,876.5503931607948,25000.0,300.0,1,PERSISTENT_INDUSTRIAL_FLARE,lance_archive,lance_archive_rule,JSW Steel Vijayanagar,0.877,15.18,76.68
15.17375,76.6927,315.48,0.5,0.41,20260905,2012,N21,VIIRS,70.0,2.0NRT,292.3,2.55,N,,0.7,,9.0,2376.249608390971,171403.02894070596,2376.249608390971,25000.0,300.0,1,PERSISTENT_INDUSTRIAL_FLARE,lance_archive,lance_archive_rule,JSW Steel Vijayanagar,2.376,15.17,76.69
15.17502,76.65514,324.56,0.5,0.41,20260905,2012,N21,VIIRS,70.0,2.0NRT,293.97,4.05,N,,0.7,,32.0,1734.0010820915618,169182.6534830121,1734.0010820915618,25000.0,300.0,1,PERSISTENT_INDUSTRIAL_FLARE,lance_archive,lance_archive_rule,JSW Steel Vijayanagar,1.734,15.18,76.66
15.17873,76.67195,308.45,0.5,0.41,20260905,2012,N21,VIIRS,70.0,2.0NRT,292.18,1.45,N,,0.7,,39.0,130.31796973184663,169762.06799702244,130.31796973184663,25000.0,300.0,1,PERSISTENT_INDUSTRIAL_FLARE,lance_archive,lance_archive_rule,JSW Steel Vijayanagar,0.13,15.18,76.67
15.17808,76.67657,316.25,0.5,0.41,20260905,2012,N21,VIIRS,70.0,2.0NRT,293.07,1.45,N,,0.7,,15.0,597.8168892497556,170082.65423902043,597.8168892497556,25000.0,300.0,1,PERSISTENT_INDUSTRIAL_FLARE,lance_archive,lance_archive_rule,JSW Steel Vijayanagar,0.598,15.18,76.68
15.17761,76.65297,309.37,0.5,0.41,20260905,2012,N21,VIIRS,70.0,2.0NRT,292.93,2.12,N,,0.7,,17.0,1935.3974230309564,168816.01257689483,1935.3974230309564,25000.0,300.0,1,PERSISTENT_INDUSTRIAL_FLARE,lance_archive,lance_archive_rule,JSW Steel Vijayanagar,1.935,15.18,76.65
15.17696,76.65759,313.08,0.5,0.41,20260905,2012,N21,VIIRS,70.0,2.0NRT,293.37,2.12,N,,0.7,,32.0,1443.7516483077072,169132.51032768594,1443.7516483077072,25000.0,300.0,1,PERSISTENT_INDUSTRIAL_FLARE,lance_archive,lance_archive_rule,JSW Steel Vijayanagar,1.444,15.18,76.66
15.17434,76.67606,305.63,0.5,0.41,20260905,2012,N21,VIIRS,70.0,2.0NRT,291.88,1.45,N,,0.7,,4.0,678.6035367058502,170408.6166349347,678.6035367058502,25000.0,300.0,1,PERSISTENT_INDUSTRIAL_FLARE,lance_archive,lance_archive_rule,JSW Steel Vijayanagar,0.679,15.17,76.68
15.17237,76.68996,308.78,0.5,0.41,20260905,2012,N21,VIIRS,70.0,2.0NRT,291.93,1.26,N,,0.7,,9.0,2128.8683947296445,171377.9143888175,2128.8683947296445,25000.0,300.0,1,PERSISTENT_INDUSTRIAL_FLARE,lance_archive,lance_archive_rule,JSW Steel Vijayanagar,2.129,15.17,76.69
15.17387,76.65245,314.05,0.5,0.41,20260905,2012,N21,VIIRS,70.0,2.0NRT,291.55,2.61,N,,0.7,,3.0,2043.016641844757,169144.78646449468,2043.016641844757,25000.0,300.0,1,PERSISTENT_INDUSTRIAL_FLARE,lance_archive,lance_archive_rule,JSW Steel Vijayanagar,2.043,15.17,76.65
15.17192,76.66631,305.74,0.5,0.41,20260905,2012,N21,VIIRS,70.0,2.0NRT,292.11,1.81,N,,0.7,,8.0,842.8493238359254,170095.1415498177,842.8493238359254,25000.0,300.0,1,PERSISTENT_INDUSTRIAL_FLARE,lance_archive,lance_archive_rule,JSW Steel Vijayanagar,0.843,15.17,76.67
11.94986,76.94534,307.4,0.45,0.39,20260905,2014,N21,VIIRS,70.0,2.0NRT,289.7,1.03,N,,0.7,,1.0,220447.54851856682,309174.9444400734,360175.2563810533,200.0,300.0,2,AGRICULTURAL_BURNING,lance_archive,lance_archive_rule,cropland,220.448,11.95,76.95
22.79769,86.20249,307.99,0.48,0.4,20260905,2010,N21,VIIRS,70.0,2.0NRT,293.22,2.29,N,,0.7,,4.0,703.435505991984,328561.7574946734,703.435505991984,25000.0,30000.0,1,PERSISTENT_INDUSTRIAL_FLARE,lance_archive,lance_archive_rule,Tata Steel Jamshedpur Works,0.703,22.8,86.2
22.79125,86.19631,308.75,0.48,0.4,20260905,2010,N21,VIIRS,70.0,2.0NRT,293.4,2.41,N,,0.7,,10.0,1533.0296328599384,327755.76404541585,1533.0296328599384,25000.0,30000.0,1,PERSISTENT_INDUSTRIAL_FLARE,lance_archive,lance_archive_rule,Tata Steel Jamshedpur Works,1.533,22.79,86.2
22.7896,86.20553,310.74,0.48,0.4,20260905,2010,N21,VIIRS,70.0,2.0NRT,293.44,3.02,N,,0.7,,2.0,1641.5857493503586,328614.6976470111,1641.5857493503586,25000.0,30000.0,1,PERSISTENT_INDUSTRIAL_FLARE,lance_archive,lance_archive_rule,Tata Steel Jamshedpur Works,1.642,22.79,86.21
22.78679,86.20014,308.97,0.48,0.4,20260905,2010,N21,VIIRS,70.0,2.0NRT,293.68,1.65,N,,0.7,,10.0,1923.1398879411133,327997.8767956029,1923.1398879411133,25000.0,30000.0,1,PERSISTENT_INDUSTRIAL_FLARE,lance_archive,lance_archive_rule,Tata Steel Jamshedpur Works,1.923,22.79,86.2
22.78233,86.20396,306.54,0.48,0.4,20260905,2010,N21,VIIRS,70.0,2.0NRT,293.29,1.65,N,,0.7,,1.0,2417.95647530819,328240.06954863743,2417.95647530819,25000.0,30000.0,1,PERSISTENT_INDUSTRIAL_FLARE,lance_archive,lance_archive_rule,Tata Steel Jamshedpur Works,2.418,22.78,86.2
21.1044,72.64349,308.08,0.35,0.57,20260905,2010,N21,VIIRS,70.0,2.0NRT,287.78,2.29,N,,0.7,,26.0,859.4755375823611,125146.58863443007,4787.433803687341,25000.0,30000.0,1,PERSISTENT_INDUSTRIAL_FLARE,lance_archive,lance_archive_rule,ONGC Hazira Gas Processing Plant,0.859,21.1,72.64
21.10406,72.64688,311.77,0.35,0.57,20260905,2010,N21,VIIRS,70.0,2.0NRT,290.06,3.22,N,,0.7,,10.0,904.1700923739053,124918.85320636422,5108.524339328941,25000.0,30000.0,1,PERSISTENT_INDUSTRIAL_FLARE,lance_archive,lance_archive_rule,ONGC Hazira Gas Processing Plant,0.904,21.1,72.65
21.09986,72.63612,301.42,0.35,0.57,20260905,2010,N21,VIIRS,70.0,2.0NRT,286.78,0.87,N,,0.7,,26.0,1634.259674608249,125650.13909743133,3904.3059937158823,25000.0,30000.0,1,PERSISTENT_INDUSTRIAL_FLARE,lance_archive,lance_archive_rule,ONGC Hazira Gas Processing Plant,1.634,21.1,72.64
21.10447,72.64493,344.27,0.57,0.43,20260904,801,N21,VIIRS,70.0,2.0NRT,298.24,26.51,D,,0.7,,26.0,837.3292837980001,125033.2872166049,4931.00505549305,25000.0,30000.0,1,PERSISTENT_INDUSTRIAL_FLARE,lance_archive,lance_archive_rule,ONGC Hazira Gas Processing Plant,0.837,21.1,72.64
21.10295,72.63681,342.12,0.38,0.43,20260904,801,N21,VIIRS,70.0,2.0NRT,298.44,26.3,D,,0.7,,26.0,1316.9902530731076,125759.35316799855,4081.2215995918814,25000.0,30000.0,1,PERSISTENT_INDUSTRIAL_FLARE,lance_archive,lance_archive_rule,ONGC Hazira Gas Processing Plant,1.317,21.1,72.64
31.5513,74.73685,337.88,0.38,0.36,20260904,805,N21,VIIRS,70.0,2.0NRT,299.64,9.12,D,,0.7,,1.0,150524.58895228486,429967.3646014159,1114103.9918031695,200.0,300.0,2,AGRICULTURAL_BURNING,lance_archive,lance_archive_rule,cropland,150.525,31.55,74.74
10.23521,79.19682,336.6,0.39,0.37,20260904,758,N21,VIIRS,50.0,2.0NRT,302.56,5.05,D,,0.5,,3.0,311930.75627076655,156463.47747686875,614072.7813278404,200.0,30000.0,2,AGRICULTURAL_BURNING,lance_archive,lance_archive_rule,cropland,156.463,10.24,79.2
10.87023,79.84801,337.26,0.39,0.36,20260904,758,N21,VIIRS,70.0,2.0NRT,301.77,3.23,D,,0.7,,1.0,259342.75570414617,74311.6368911286,589776.5906090478,200.0,30000.0,2,AGRICULTURAL_BURNING,lance_archive,lance_archive_rule,cropland,74.312,10.87,79.85
21.10807,72.64812,317.42,0.53,0.42,20260904,2029,N21,VIIRS,70.0,2.0NRT,292.51,3.67,N,,0.7,,21.0,543.7943371330523,124517.43089833383,5381.188285304571,25000.0,30000.0,1,PERSISTENT_INDUSTRIAL_FLARE,lance_archive,lance_archive_rule,ONGC Hazira Gas Processing Plant,0.544,21.11,72.65
21.10421,72.64756,332.4,0.53,0.42,20260904,2029,N21,VIIRS,70.0,2.0NRT,293.92,8.22,N,,0.7,,10.0,906.0015348727586,124856.42857975303,5180.7892316681655,25000.0,30000.0,1,PERSISTENT_INDUSTRIAL_FLARE,lance_archive,lance_archive_rule,ONGC Hazira Gas Processing Plant,0.906,21.1,72.65
21.10486,72.64244,309.95,0.53,0.42,20260904,2029,N21,VIIRS,70.0,2.0NRT,291.22,5.9,N,,0.7,,26.0,837.1672529249862,125190.00690880483,4702.641130862091,25000.0,30000.0,1,PERSISTENT_INDUSTRIAL_FLARE,lance_archive,lance_archive_rule,ONGC Hazira Gas Processing Plant,0.837,21.1,72.64
19.01937,72.89208,330.53,0.49,0.4,20260904,2029,N21,VIIRS,70.0,2.0NRT,293.33,5.81,N,,0.7,,4.0,630.308520176912,5277.8132113658385,232255.72570297922,25000.0,30000.0,1,PERSISTENT_INDUSTRIAL_FLARE,lance_archive,lance_archive_rule,BPCL Mumbai Refinery,0.63,19.02,72.89
18.68379,73.03027,312.5,0.48,0.4,20260904,2029,N21,VIIRS,70.0,2.0NRT,292.99,2.49,N,,0.7,,11.0,39418.54258951377,41288.933887339204,271313.8719184351,200.0,30000.0,2,AGRICULTURAL_BURNING,lance_archive,lance_archive_rule,cropland,39.419,18.68,73.03
18.67952,73.03425,319.0,0.48,0.4,20260904,2029,N21,VIIRS,70.0,2.0NRT,292.93,2.49,N,,0.7,,11.0,40013.83410788801,41852.25087766404,271851.4002333398,200.0,30000.0,2,AGRICULTURAL_BURNING,lance_archive,lance_archive_rule,cropland,40.014,18.68,73.03
15.18351,76.66653,341.14,0.39,0.36,20260904,2032,N21,VIIRS,70.0,2.0NRT,294.26,7.62,N,,0.7,,39.0,778.132879858883,169005.40979305303,778.132879858883,25000.0,300.0,1,PERSISTENT_INDUSTRIAL_FLARE,lance_archive,lance_archive_rule,JSW Steel Vijayanagar,0.778,15.18,76.67
15.18178,76.67729,306.3,0.39,0.36,20260904,2032,N21,VIIRS,70.0,2.0NRT,294.38,1.38,N,,0.7,,15.0,795.1779358733677,169772.71037978283,795.1779358733677,25000.0,300.0,1,PERSISTENT_INDUSTRIAL_FLARE,lance_archive,lance_archive_rule,JSW Steel Vijayanagar,0.795,15.18,76.68
15.17847,76.67673,308.26,0.39,0.36,20260904,2032,N21,VIIRS,70.0,2.0NRT,294.39,1.38,N,,0.7,,15.0,617.1375510810924,170054.6870099211,617.1375510810924,25000.0,300.0,1,PERSISTENT_INDUSTRIAL_FLARE,lance_archive,lance_archive_rule,JSW Steel Vijayanagar,0.617,15.18,76.68
15.17848,76.65473,333.16,0.39,0.36,20260904,2032,N21,VIIRS,70.0,2.0NRT,295.13,2.87,N,,0.7,,17.0,1746.846950098494,168829.81651925258,1746.846950098494,25000.0,300.0,1,PERSISTENT_INDUSTRIAL_FLARE,lance_archive,lance_archive_rule,JSW Steel Vijayanagar,1.747,15.18,76.65
15.17791,76.65833,313.8,0.39,0.36,20260904,2032,N21,VIIRS,70.0,2.0NRT,294.63,4.05,N,,0.7,,32.0,1359.7324183662502,169082.79171507395,1359.7324183662502,25000.0,300.0,1,PERSISTENT_INDUSTRIAL_FLARE,lance_archive,lance_archive_rule,JSW Steel Vijayanagar,1.36,15.18,76.66
15.17505,76.67628,312.61,0.39,0.36,20260904,2032,N21,VIIRS,70.0,2.0NRT,294.55,1.42,N,,0.7,,15.0,654.7316151424462,170353.60802755243,654.7316151424462,25000.0,300.0,1,PERSISTENT_INDUSTRIAL_FLARE,lance_archive,lance_archive_rule,JSW Steel Vijayanagar,0.655,15.18,76.68
15.17277,76.69064,311.73,0.39,0.36,20260904,2032,N21,VIIRS,70.0,2.0NRT,293.65,1.65,N,,0.7,,9.0,2186.472361597792,171378.65674791078,2186.472361597792,25000.0,300.0,1,PERSISTENT_INDUSTRIAL_FLARE,lance_archive,lance_archive_rule,JSW Steel Vijayanagar,2.186,15.17,76.69
15.17517,76.65417,324.8,0.39,0.36,20260904,2032,N21,VIIRS,70.0,2.0NRT,295.4,2.87,N,,0.7,,17.0,1833.350809718076,169114.9980080963,1833.350809718076,25000.0,300.0,1,PERSISTENT_INDUSTRIAL_FLARE,lance_archive,lance_archive_rule,JSW Steel Vijayanagar,1.833,15.18,76.65
15.1746,76.65777,340.33,0.39,0.36,20260904,2032,N21,VIIRS,70.0,2.0NRT,295.67,4.05,N,,0.7,,6.0,1469.2767451573623,169367.55185888158,1469.2767451573623,25000.0,300.0,1,PERSISTENT_INDUSTRIAL_FLARE,lance_archive,lance_archive_rule,JSW Steel Vijayanagar,1.469,15.17,76.66
15.1706,76.68289,314.21,0.39,0.36,20260904,2032,N21,VIIRS,70.0,2.0NRT,293.82,1.6,N,,0.7,,4.0,1518.312869057777,171146.39506999374,1518.312869057777,25000.0,300.0,1,PERSISTENT_INDUSTRIAL_FLARE,lance_archive,lance_archive_rule,JSW Steel Vijayanagar,1.518,15.17,76.68
15.16957,76.66797,307.85,0.39,0.36,20260904,2032,N21,VIIRS,70.0,2.0NRT,294.26,1.3,N,,0.7,,8.0,992.1728331191555,170410.91771681138,992.1728331191555,25000.0,300.0,1,PERSISTENT_INDUSTRIAL_FLARE,lance_archive,lance_archive_rule,JSW Steel Vijayanagar,0.992,15.17,76.67
15.169,76.67155,316.31,0.39,0.36,20260904,2032,N21,VIIRS,70.0,2.0NRT,294.31,2.09,N,,0.7,,8.0,1002.4934982955724,170664.0113472223,1002.4934982955724,25000.0,300.0,1,PERSISTENT_INDUSTRIAL_FLARE,lance_archive,lance_archive_rule,JSW Steel Vijayanagar,1.002,15.17,76.67
12.02063,76.65154,304.14,0.4,0.37,20260904,2032,N21,VIIRS,70.0,2.0NRT,288.89,0.8,N,,0.7,,2.0,216228.42849269122,341949.0994361087,351089.8232436492,200.0,300.0,2,AGRICULTURAL_BURNING,lance_archive,lance_archive_rule,cropland,216.228,12.02,76.65
11.81028,77.91938,314.3,0.45,0.39,20260904,2032,N21,VIIRS,70.0,2.0NRT,292.58,3.31,N,,0.7,,10.0,263996.97435886314,202056.642490464,398050.37343404355,200.0,30000.0,2,AGRICULTURAL_BURNING,lance_archive,lance_archive_rule,cropland,202.057,11.81,77.92
11.80959,77.92345,311.3,0.45,0.39,20260904,2032,N21,VIIRS,70.0,2.0NRT,293.37,3.31,N,,0.7,,10.0,264247.0926674363,201607.1631126403,398271.98517997697,200.0,30000.0,2,AGRICULTURAL_BURNING,lance_archive,lance_archive_rule,cropland,201.607,11.81,77.92
12.01868,76.65131,303.06,0.4,0.37,20260904,2032,N21,VIIRS,70.0,2.0NRT,288.79,0.73,N,,0.7,,2.0,216306.23880894837,341940.62632417295,351306.7991668459,200.0,300.0,2,AGRICULTURAL_BURNING,lance_archive,lance_archive_rule,cropland,216.306,12.02,76.65
11.81003,77.92034,318.11,0.45,0.39,20260904,2032,N21,VIIRS,70.0,2.0NRT,292.86,3.41,N,,0.7,,10.0,264048.89753374975,201949.1686167292,398111.7455330374,200.0,30000.0,2,AGRICULTURAL_BURNING,lance_archive,lance_archive_rule,cropland,201.949,11.81,77.92
11.80936,77.92444,308.01,0.45,0.39,20260904,2032,N21,VIIRS,70.0,2.0NRT,293.29,3.41,N,,0.7,,10.0,264303.0149571982,201496.794236362,398332.45353048906,200.0,30000.0,2,AGRICULTURAL_BURNING,lance_archive,lance_archive_rule,cropland,201.497,11.81,77.92
11.5186,77.70729,303.15,0.44,0.38,20260904,2032,N21,VIIRS,70.0,2.0NRT,284.04,1.48,N,,0.7,,2.0,224648.97003388026,222890.45424673375,422064.3640073299,200.0,30000.0,2,AGRICULTURAL_BURNING,lance_archive,lance_archive_rule,cropland,222.89,11.52,77.71
11.51788,77.70787,308.15,0.44,0.39,20260904,2032,N21,VIIRS,70.0,2.0NRT,283.35,1.62,N,,0.7,,2.0,224637.02719880082,222828.09857654155,422158.2555415575,200.0,30000.0,2,AGRICULTURAL_BURNING,lance_archive,lance_archive_rule,cropland,222.828,11.52,77.71
10.92628,78.4984,314.41,0.49,0.4,20260904,2032,N21,VIIRS,70.0,2.0NRT,291.57,4.48,N,,0.7,,1.0,256064.56626115204,152511.9110179706,512516.86506881006,200.0,30000.0,2,AGRICULTURAL_BURNING,lance_archive,lance_archive_rule,cropland,152.512,10.93,78.5
10.61504,77.50061,309.05,0.44,0.39,20260904,2032,N21,VIIRS,70.0,2.0NRT,292.05,1.42,N,,0.7,,2.0,142917.02809112662,266097.2157085842,515279.8735166346,200.0,30000.0,2,AGRICULTURAL_BURNING,lance_archive,lance_archive_rule,cropland,142.917,10.62,77.5
22.26482,75.1333,300.77,0.42,0.38,20260904,2029,N21,VIIRS,70.0,2.0NRT,281.44,0.87,N,,0.7,,1.0,204293.87324781882,171660.61052684466,231985.72001245664,200.0,30000.0,2,AGRICULTURAL_BURNING,lance_archive,lance_archive_rule,cropland,171.661,22.26,75.13
31.27915,74.4353,331.11,0.42,0.37,20260830,758,N21,VIIRS,70.0,2.0NRT,299.69,1.86,D,,0.7,,1.0,128216.52471234636,427173.04199879227,1079850.1538866665,200.0,300.0,2,AGRICULTURAL_BURNING,lance_archive,lance_archive_rule,cropland,128.217,31.28,74.44
32.32051,76.85158,332.07,0.38,0.36,20260830,758,N21,VIIRS,70.0,2.0NRT,303.55,3.22,D,,0.7,,1.0,297418.7108020652,424283.84664458066,1246083.321463582,200.0,30000.0,2,AGRICULTURAL_BURNING,lance_archive,lance_archive_rule,cropland,297.419,32.32,76.85
11.81002,77.2115,340.99,0.54,0.42,20260830,752,N21,VIIRS,70.0,2.0NRT,298.3,11.53,D,,0.7,,2.0,218190.95265307778,278479.2067666535,379033.30432197615,200.0,300.0,2,AGRICULTURAL_BURNING,lance_archive,lance_archive_rule,cropland,218.191,11.81,77.21
15.18088,76.66781,333.34,0.52,0.41,20260830,752,N21,VIIRS,70.0,2.0NRT,289.95,3.18,D,,0.7,,39.0,468.77345810623194,169326.62630826567,468.77345810623194,25000.0,300.0,1,PERSISTENT_INDUSTRIAL_FLARE,lance_archive,lance_archive_rule,JSW Steel Vijayanagar,0.469,15.18,76.67
18.3947,74.34995,332.85,0.42,0.45,20260830,754,N21,VIIRS,70.0,2.0NRT,298.89,1.79,D,,0.7,,1.0,151820.7045750393,165580.72132089143,351221.6252549283,200.0,30000.0,2,AGRICULTURAL_BURNING,lance_archive,lance_archive_rule,cropland,151.821,18.39,74.35
18.56188,74.5267,335.86,0.41,0.45,20260830,754,N21,VIIRS,70.0,2.0NRT,297.81,4.39,D,,0.7,,1.0,157946.96809437094,175910.16370289496,345881.78799145005,200.0,30000.0,2,AGRICULTURAL_BURNING,lance_archive,lance_archive_rule,cropland,157.947,18.56,74.53
18.54595,74.25349,306.23,0.5,0.41,20260830,2023,N21,VIIRS,70.0,2.0NRT,289.56,1.61,N,,0.7,,3.0,133867.22094986652,149432.03381595248,331565.84000889206,200.0,30000.0,2,AGRICULTURAL_BURNING,lance_archive,lance_archive_rule,cropland,133.867,18.55,74.25
18.68679,73.03175,299.44,0.39,0.44,20260830,2023,N21,VIIRS,70.0,2.0NRT,288.82,0.79,N,,0.7,,8.0,39165.32989663525,41003.77390684496,271010.5720008368,200.0,30000.0,2,AGRICULTURAL_BURNING,lance_archive,lance_archive_rule,cropland,39.165,18.69,73.03
15.18139,76.66699,331.56,0.39,0.36,20260830,2025,N21,VIIRS,70.0,2.0NRT,290.21,6.39,N,,0.7,,39.0,572.0834168681337,169232.43071404673,572.0834168681337,25000.0,300.0,1,PERSISTENT_INDUSTRIAL_FLARE,lance_archive,lance_archive_rule,JSW Steel Vijayanagar,0.572,15.18,76.67
15.1803,76.67416,315.15,0.39,0.36,20260830,2025,N21,VIIRS,70.0,2.0NRT,287.12,2.21,N,,0.7,,39.0,424.74418381974453,169736.9875609224,424.74418381974453,25000.0,300.0,1,PERSISTENT_INDUSTRIAL_FLARE,lance_archive,lance_archive_rule,JSW Steel Vijayanagar,0.425,15.18,76.67
15.17644,76.67721,323.12,0.39,0.36,20260830,2025,N21,VIIRS,70.0,2.0NRT,289.4,1.48,N,,0.7,,15.0,688.6408298590635,170273.99974862658,688.6408298590635,25000.0,300.0,1,PERSISTENT_INDUSTRIAL_FLARE,lance_archive,lance_archive_rule,JSW Steel Vijayanagar,0.689,15.18,76.68
15.17424,76.69155,320.05,0.39,0.36,20260830,2025,N21,VIIRS,70.0,2.0NRT,286.43,1.86,N,,0.7,,9.0,2244.647155552069,171291.49854919696,2244.647155552069,25000.0,300.0,1,PERSISTENT_INDUSTRIAL_FLARE,lance_archive,lance_archive_rule,JSW Steel Vijayanagar,2.245,15.17,76.69
15.17808,76.66647,304.26,0.39,0.36,20260830,2025,N21,VIIRS,70.0,2.0NRT,289.01,0.67,N,,0.7,,39.0,486.223333680205,169518.00651839812,486.223333680205,25000.0,300.0,1,PERSISTENT_INDUSTRIAL_FLARE,lance_archive,lance_archive_rule,JSW Steel Vijayanagar,0.486,15.18,76.67
15.17698,76.67363,305.17,0.39,0.36,20260830,2025,N21,VIIRS,70.0,2.0NRT,286.87,1.48,N,,0.7,,39.0,304.1782817553226,170022.12254301162,304.1782817553226,25000.0,300.0,1,PERSISTENT_INDUSTRIAL_FLARE,lance_archive,lance_archive_rule,JSW Steel Vijayanagar,0.304,15.18,76.67
15.17641,76.65518,321.08,0.39,0.36,20260830,2025,N21,VIIRS,70.0,2.0NRT,291.05,3.2,N,,0.7,,32.0,1706.9284506048775,169052.1564442152,1706.9284506048775,25000.0,300.0,1,PERSISTENT_INDUSTRIAL_FLARE,lance_archive,lance_archive_rule,JSW Steel Vijayanagar,1.707,15.18,76.66
15.17587,76.65878,330.77,0.39,0.36,20260830,2025,N21,VIIRS,70.0,2.0NRT,289.41,3.02,N,,0.7,,32.0,1332.6255792299944,169302.13658879057,1332.6255792299944,25000.0,300.0,1,PERSISTENT_INDUSTRIAL_FLARE,lance_archive,lance_archive_rule,JSW Steel Vijayanagar,1.333,15.18,76.66
15.17146,76.66541,309.81,0.39,0.36,20260830,2025,N21,VIIRS,70.0,2.0NRT,289.07,1.63,N,,0.7,,8.0,942.7243035447998,170089.0525966572,942.7243035447998,25000.0,300.0,1,PERSISTENT_INDUSTRIAL_FLARE,lance_archive,lance_archive_rule,JSW Steel Vijayanagar,0.943,15.17,76.67
15.16705,76.67205,308.78,0.39,0.36,20260830,2025,N21,VIIRS,70.0,2.0NRT,288.57,1.27,N,,0.7,,8.0,1222.787700586094,170877.2673756363,1222.787700586094,25000.0,300.0,1,PERSISTENT_INDUSTRIAL_FLARE,lance_archive,lance_archive_rule,JSW Steel Vijayanagar,1.223,15.17,76.67
11.81654,77.91914,308.82,0.4,0.37,20260830,2025,N21,VIIRS,70.0,2.0NRT,289.99,1.71,N,,0.7,,5.0,264483.61520186753,202187.9884347104,397386.2098522041,200.0,30000.0,2,AGRICULTURAL_BURNING,lance_archive,lance_archive_rule,cropland,202.188,11.82,77.92
11.18236,79.10169,308.16,0.44,0.38,20260830,2025,N21,VIIRS,70.0,2.0NRT,286.73,1.27,N,,0.7,,4.0,254001.72013924533,80951.19590408663,516350.8891257111,200.0,30000.0,2,AGRICULTURAL_BURNING,lance_archive,lance_archive_rule,cropland,80.951,11.18,79.1
10.1045,77.46542,307.32,0.4,0.37,20260830,2025,N21,VIIRS,70.0,2.0NRT,290.73,0.59,N,,0.7,,1.0,121894.18251146945,295998.10426359164,570689.2312579931,200.0,30000.0,2,AGRICULTURAL_BURNING,lance_archive,lance_archive_rule,cropland,121.894,10.1,77.47
32.08688,74.16473,308.73,0.49,0.48,20260830,2019,N21,VIIRS,70.0,2.0NRT,293.26,2.17,N,,0.7,,4.0,221311.68650894734,510346.73712777824,1165860.3405094093,200.0,300.0,2,AGRICULTURAL_BURNING,lance_archive,lance_archive_rule,cropland,221.312,32.09,74.16
25.9405,72.18806,308.88,0.54,0.51,20260830,2021,N21,VIIRS,70.0,2.0NRT,291.81,1.27,N,,0.7,,11.0,1800.9235864529253,428254.2895155783,483318.5433711904,25000.0,30000.0,1,PERSISTENT_INDUSTRIAL_FLARE,lance_archive,lance_archive_rule,RIICO Balotra Industrial & Dyeing Area,1.801,25.94,72.19
21.10776,72.64674,316.31,0.44,0.46,20260830,2023,N21,VIIRS,70.0,2.0NRT,294.45,5.52,N,,0.7,,21.0,504.83573415675585,124644.715580299,5235.558695547935,25000.0,30000.0,1,PERSISTENT_INDUSTRIAL_FLARE,lance_archive,lance_archive_rule,ONGC Hazira Gas Processing Plant,0.505,21.11,72.65
21.10351,72.64619,339.7,0.44,0.46,20260830,2023,N21,VIIRS,70.0,2.0NRT,294.58,5.52,N,,0.7,,10.0,952.0815064320828,125012.84126445674,5021.800429676912,25000.0,30000.0,1,PERSISTENT_INDUSTRIAL_FLARE,lance_archive,lance_archive_rule,ONGC Hazira Gas Processing Plant,0.952,21.1,72.65
21.10401,72.64194,305.83,0.44,0.46,20260830,2023,N21,VIIRS,70.0,2.0NRT,292.22,5.52,N,,0.7,,26.0,943.4502599102865,125292.79249346284,4621.4139189124135,25000.0,30000.0,1,PERSISTENT_INDUSTRIAL_FLARE,lance_archive,lance_archive_rule,ONGC Hazira Gas Processing Plant,0.943,21.1,72.64
21.10025,72.63715,330.55,0.44,0.46,20260830,2023,N21,VIIRS,70.0,2.0NRT,293.27,5.24,N,,0.7,,26.0,1539.5355817372822,125685.44374693284,4019.0516107530216,25000.0,30000.0,1,PERSISTENT_INDUSTRIAL_FLARE,lance_archive,lance_archive_rule,ONGC Hazira Gas Processing Plant,1.54,21.1,72.64
21.10076,72.63288,318.99,0.44,0.46,20260830,2023,N21,VIIRS,70.0,2.0NRT,292.62,5.24,N,,0.7,,9.0,1772.7967045856988,125775.49289017192,3614.815540440548,25000.0,30000.0,1,PERSISTENT_INDUSTRIAL_FLARE,lance_archive,lance_archive_rule,ONGC Hazira Gas Processing Plant,1.773,21.1,72.63
10.04896,78.97438,339.72,0.59,0.53,20260831,731,N21,VIIRS,70.0,2.0NRT,301.32,8.45,D,,0.7,,1.0,286559.4899000834,185544.68071669433,622648.8155303947,200.0,30000.0,2,AGRICULTURAL_BURNING,lance_archive,lance_archive_rule,cropland,185.545,10.05,78.97
11.39743,78.70004,354.25,0.59,0.53,20260831,731,N21,VIIRS,70.0,2.0NRT,286.76,14.75,D,,0.7,,1.0,259566.1756510616,115719.11272370891,474250.6111727087,200.0,30000.0,2,AGRICULTURAL_BURNING,lance_archive,lance_archive_rule,cropland,115.719,11.4,78.7
12.1731,79.82799,339.93,0.48,0.48,20260831,731,N21,VIIRS,70.0,2.0NRT,294.09,8.65,D,,0.7,,1.0,120019.22498779256,71752.64905255355,477442.6256723964,200.0,30000.0,2,AGRICULTURAL_BURNING,lance_archive,lance_archive_rule,cropland,71.753,12.17,79.83
22.79767,86.20526,330.49,0.43,0.38,20260831,735,N21,VIIRS,70.0,2.0NRT,284.14,4.82,D,,0.7,,3.0,779.1619840374848,328834.0989427028,779.1619840374848,25000.0,30000.0,1,PERSISTENT_INDUSTRIAL_FLARE,lance_archive,lance_archive_rule,Tata Steel Jamshedpur Works,0.779,22.8,86.21
12.17032,78.99065,297.43,0.43,0.38,20260831,2008,N21,VIIRS,70.0,2.0NRT,286.67,1.61,N,,0.7,,1.0,176580.2854200562,109181.34936500205,417903.5852887711,200.0,30000.0,2,AGRICULTURAL_BURNING,lance_archive,lance_archive_rule,cropland,109.181,12.17,78.99
11.81635,77.91774,305.18,0.48,0.4,20260831,2008,N21,VIIRS,70.0,2.0NRT,293.35,1.96,N,,0.7,,5.0,264363.45378682506,202335.328729626,397354.7378091358,200.0,30000.0,2,AGRICULTURAL_BURNING,lance_archive,lance_archive_rule,cropland,202.335,11.82,77.92
11.0839,78.75246,309.64,0.43,0.38,20260831,2008,N21,VIIRS,70.0,2.0NRT,293.1,1.03,N,,0.7,,3.0,283644.0995503721,119934.83443252931,507960.9649812991,200.0,30000.0,2,AGRICULTURAL_BURNING,lance_archive,lance_archive_rule,cropland,119.935,11.08,78.75
11.08219,78.75288,315.78,0.43,0.38,20260831,2008,N21,VIIRS,70.0,2.0NRT,292.3,1.2,N,,0.7,,3.0,283773.4534091346,119972.6199215971,508151.87514329224,200.0,30000.0,2,AGRICULTURAL_BURNING,lance_archive,lance_archive_rule,cropland,119.973,11.08,78.75
10.26561,78.37807,308.2,0.44,0.38,20260831,2008,N21,VIIRS,70.0,2.0NRT,294.61,1.49,N,,0.7,,1.0,223203.41680812987,205831.05504808162,576740.2701439058,200.0,30000.0,2,AGRICULTURAL_BURNING,lance_archive,lance_archive_rule,cropland,205.831,10.27,78.38
10.41422,77.11642,320.12,0.51,0.41,20260831,2008,N21,VIIRS,70.0,2.0NRT,290.43,2.48,N,,0.7,,1.0,95356.95904736963,313499.3989817846,531904.0545934581,200.0,30000.0,2,AGRICULTURAL_BURNING,lance_archive,lance_archive_rule,cropland,95.357,10.41,77.12
21.10521,72.64474,328.52,0.45,0.63,20260831,2004,N21,VIIRS,70.0,2.0NRT,285.25,6.75,N,,0.7,,17.0,755.4951259894872,124990.6261621976,4939.929389164271,25000.0,30000.0,1,PERSISTENT_INDUSTRIAL_FLARE,lance_archive,lance_archive_rule,ONGC Hazira Gas Processing Plant,0.755,21.11,72.64
19.93664,73.71329,302.54,0.37,0.58,20260831,2004,N21,VIIRS,70.0,2.0NRT,286.53,1.72,N,,0.7,,3.0,98707.34376334396,103269.59456319954,172885.77143042165,200.0,30000.0,2,AGRICULTURAL_BURNING,lance_archive,lance_archive_rule,cropland,98.707,19.94,73.71
18.79948,74.2539,305.94,0.33,0.55,20260831,2006,N21,VIIRS,70.0,2.0NRT,288.24,1.46,N,,0.7,,1.0,120826.45713505277,141368.93281176154,307813.4464354064,200.0,30000.0,2,AGRICULTURAL_BURNING,lance_archive,lance_archive_rule,cropland,120.826,18.8,74.25
18.6894,73.03887,302.48,0.4,0.6,20260831,2006,N21,VIIRS,70.0,2.0NRT,289.75,0.61,N,,0.7,,13.0,39181.21689754389,40916.398377050704,270849.46659155603,200.0,30000.0,2,AGRICULTURAL_BURNING,lance_archive,lance_archive_rule,cropland,39.181,18.69,73.04
18.68763,73.04997,301.29,0.4,0.6,20260831,2006,N21,VIIRS,70.0,2.0NRT,289.04,1.39,N,,0.7,,2.0,39829.56797722241,41431.94883206566,271242.35711706214,200.0,30000.0,2,AGRICULTURAL_BURNING,lance_archive,lance_archive_rule,cropland,39.83,18.69,73.05
18.68412,73.03058,318.49,0.4,0.6,20260831,2006,N21,VIIRS,70.0,2.0NRT,289.99,2.81,N,,0.7,,11.0,39396.24900271615,41261.27456197109,271283.0546994426,200.0,30000.0,2,AGRICULTURAL_BURNING,lance_archive,lance_archive_rule,cropland,39.396,18.68,73.03
30.18717,74.48603,305.14,0.57,0.69,20260831,2142,N21,VIIRS,70.0,2.0NRT,289.73,1.24,N,,0.7,,2.0,42922.605188660986,348843.3238348499,960546.3709660441,200.0,300.0,2,AGRICULTURAL_BURNING,lance_archive,lance_archive_rule,cropland,42.923,30.19,74.49
10.3891,79.27283,340.75,0.59,0.7,20260901,714,N21,VIIRS,70.0,2.0NRT,293.63,6.32,D,,0.7,,1.0,322041.0376613262,137470.4096243101,602582.8056520949,200.0,30000.0,2,AGRICULTURAL_BURNING,lance_archive,lance_archive_rule,cropland,137.47,10.39,79.27
10.77498,78.64761,339.35,0.64,0.72,20260901,714,N21,VIIRS,70.0,2.0NRT,298.22,9.28,D,,0.7,,3.0,265123.93392267206,147064.48540892283,534365.7704253425,200.0,30000.0,2,AGRICULTURAL_BURNING,lance_archive,lance_archive_rule,cropland,147.064,10.77,78.65
11.15095,78.03052,334.43,0.7,0.75,20260901,714,N21,VIIRS,70.0,2.0NRT,293.33,14.18,D,,0.7,,4.0,223671.21011257407,192510.9624980726,471349.9473946674,200.0,30000.0,2,AGRICULTURAL_BURNING,lance_archive,lance_archive_rule,cropland,192.511,11.15,78.03
11.14715,78.03418,342.27,0.7,0.75,20260901,714,N21,VIIRS,70.0,2.0NRT,292.94,8.84,D,,0.7,,4.0,223756.4315951426,192216.5807610649,471875.461172197,200.0,30000.0,2,AGRICULTURAL_BURNING,lance_archive,lance_archive_rule,cropland,192.217,11.15,78.03
11.23065,78.08495,331.82,0.69,0.74,20260901,714,N21,VIIRS,70.0,2.0NRT,295.11,5.38,D,,0.7,,1.0,233650.8950397475,184892.652172291,464837.7757720584,200.0,30000.0,2,AGRICULTURAL_BURNING,lance_archive,lance_archive_rule,cropland,184.893,11.23,78.08
11.84292,78.90423,338.89,0.59,0.7,20260901,714,N21,VIIRS,70.0,2.0NRT,296.6,12.68,D,,0.7,,2.0,208024.55523381196,98676.75484651212,442498.17039117747,200.0,30000.0,2,AGRICULTURAL_BURNING,lance_archive,lance_archive_rule,cropland,98.677,11.84,78.9
31.1218,74.69038,353.18,0.42,0.61,20260901,720,N21,VIIRS,70.0,2.0NRT,293.24,13.13,D,,0.7,,2.0,104204.7231408373,397627.17305607675,1066271.9479923397,200.0,300.0,2,AGRICULTURAL_BURNING,lance_archive,lance_archive_rule,cropland,104.205,31.12,74.69
31.1214,74.69007,350.72,0.42,0.61,20260901,720,N21,VIIRS,70.0,2.0NRT,292.99,10.48,D,,0.7,,2.0,104167.94605517076,397616.4388978177,1066223.1815037294,200.0,300.0,2,AGRICULTURAL_BURNING,lance_archive,lance_archive_rule,cropland,104.168,31.12,74.69
10.01406,78.08731,332.78,0.58,0.7,20260901,854,N21,VIIRS,70.0,2.0NRT,297.7,3.52,D,,0.7,,1.0,189383.07608262022,248180.16688572534,594402.3816398497,200.0,30000.0,2,AGRICULTURAL_BURNING,lance_archive,lance_archive_rule,cropland,189.383,10.01,78.09
10.8313,78.8009,336.72,0.66,0.73,20260901,854,N21,VIIRS,70.0,2.0NRT,294.99,5.56,D,,0.7,,1.0,282993.5818359591,129835.17156541965,535564.1364080884,200.0,30000.0,2,AGRICULTURAL_BURNING,lance_archive,lance_archive_rule,cropland,129.835,10.83,78.8
12.29299,79.93951,323.45,0.47,0.48,20260901,1947,N21,VIIRS,70.0,2.0NRT,289.13,5.71,N,,0.7,,4.0,103210.53579189893,87017.33281295992,476992.30259119725,200.0,30000.0,2,AGRICULTURAL_BURNING,lance_archive,lance_archive_rule,cropland,87.017,12.29,79.94
12.29194,79.93996,319.76,0.47,0.48,20260901,1947,N21,VIIRS,70.0,2.0NRT,289.14,5.06,N,,0.7,,4.0,103304.37491825895,86915.25588999853,477107.35670998076,200.0,30000.0,2,AGRICULTURAL_BURNING,lance_archive,lance_archive_rule,cropland,86.915,12.29,79.94
11.59137,77.27103,348.16,0.35,0.57,20260901,1947,N21,VIIRS,70.0,2.0NRT,283.6,3.82,N,,0.7,,10.0,200705.1950758686,270462.3665165987,404060.504644744,200.0,300.0,2,AGRICULTURAL_BURNING,lance_archive,lance_archive_rule,cropland,200.705,11.59,77.27
11.59178,77.26778,306.06,0.35,0.57,20260901,1947,N21,VIIRS,70.0,2.0NRT,281.89,3.82,N,,0.7,,10.0,200547.6006491823,270817.22551635053,403959.1870342531,200.0,300.0,2,AGRICULTURAL_BURNING,lance_archive,lance_archive_rule,cropland,200.548,11.59,77.27
11.42617,77.40337,319.32,0.34,0.56,20260901,1947,N21,VIIRS,70.0,2.0NRT,290.58,2.14,N,,0.7,,1.0,194650.89418539288,256310.45397490123,424642.1576351933,200.0,300.0,2,AGRICULTURAL_BURNING,lance_archive,lance_archive_rule,cropland,194.651,11.43,77.4
11.42341,77.40266,324.28,0.34,0.56,20260901,1947,N21,VIIRS,70.0,2.0NRT,290.37,1.92,N,,0.7,,1.0,194366.46916569732,256403.25960172783,424929.43323471484,200.0,300.0,2,AGRICULTURAL_BURNING,lance_archive,lance_archive_rule,cropland,194.366,11.42,77.4
11.43303,77.16435,309.49,0.35,0.57,20260901,1947,N21,VIIRS,70.0,2.0NRT,290.7,1.15,N,,0.7,,2.0,179607.84467242536,282297.275915273,419828.32531080995,200.0,300.0,2,AGRICULTURAL_BURNING,lance_archive,lance_archive_rule,cropland,179.608,11.43,77.16
10.99405,79.23645,332.49,0.5,0.49,20260901,1947,N21,VIIRS,70.0,2.0NRT,290.43,7.05,N,,0.7,,3.0,265981.9068789362,82166.4543499026,541854.8557215543,200.0,30000.0,2,AGRICULTURAL_BURNING,lance_archive,lance_archive_rule,cropland,82.166,10.99,79.24
10.43844,77.555,304.16,0.32,0.55,20260901,1947,N21,VIIRS,70.0,2.0NRT,290.23,0.47,N,,0.7,,1.0,140081.07860530677,268978.462484598,535654.8218621248,200.0,30000.0,2,AGRICULTURAL_BURNING,lance_archive,lance_archive_rule,cropland,140.081,10.44,77.56
15.182,76.66639,302.72,0.43,0.62,20260901,1949,N21,VIIRS,70.0,2.0NRT,275.51,2.1,N,,0.7,,39.0,665.2664787614517,169141.0163760695,665.2664787614517,25000.0,300.0,1,PERSISTENT_INDUSTRIAL_FLARE,lance_archive,lance_archive_rule,JSW Steel Vijayanagar,0.665,15.18,76.67
15.17762,76.65395,304.08,0.43,0.62,20260901,1949,N21,VIIRS,70.0,2.0NRT,279.58,1.44,N,,0.7,,17.0,1830.2293928873303,168868.95671350762,1830.2293928873303,25000.0,300.0,1,PERSISTENT_INDUSTRIAL_FLARE,lance_archive,lance_archive_rule,JSW Steel Vijayanagar,1.83,15.18,76.65
15.17719,76.65791,300.23,0.43,0.62,20260901,1949,N21,VIIRS,70.0,2.0NRT,278.41,1.44,N,,0.7,,32.0,1407.6551893896412,169128.2401223673,1407.6551893896412,25000.0,300.0,1,PERSISTENT_INDUSTRIAL_FLARE,lance_archive,lance_archive_rule,JSW Steel Vijayanagar,1.408,15.18,76.66
25.9415,72.19106,303.53,0.54,0.51,20260901,2125,N21,VIIRS,70.0,2.0NRT,288.57,0.48,N,,0.7,,11.0,1570.155329325827,428522.4856777075,483377.25401210703,25000.0,30000.0,1,PERSISTENT_INDUSTRIAL_FLARE,lance_archive,lance_archive_rule,RIICO Balotra Industrial & Dyeing Area,1.57,25.94,72.19
18.68805,73.05092,298.87,0.43,0.62,20260901,2125,N21,VIIRS,70.0,2.0NRT,280.5,1.1,N,,0.7,,2.0,39828.35473263681,41416.60787708227,271213.60033504595,200.0,30000.0,2,AGRICULTURAL_BURNING,lance_archive,lance_archive_rule,cropland,39.828,18.69,73.05
18.68674,73.02962,302.19,0.43,0.62,20260901,2125,N21,VIIRS,70.0,2.0NRT,279.16,1.77,N,,0.7,,8.0,39088.10377048426,40954.099180807076,270979.05193761515,200.0,30000.0,2,AGRICULTURAL_BURNING,lance_archive,lance_archive_rule,cropland,39.088,18.69,73.03
17.6793,75.30967,333.82,0.45,0.47,20260902,837,N21,VIIRS,70.0,2.0NRT,297.15,8.02,D,,0.7,,3.0,280730.028381795,144862.68443976846,313741.92498177505,200.0,30000.0,2,AGRICULTURAL_BURNING,lance_archive,lance_archive_rule,cropland,144.863,17.68,75.31
18.45843,74.21844,334.79,0.4,0.44,20260902,837,N21,VIIRS,70.0,2.0NRT,291.29,3.53,D,,0.7,,1.0,136470.27759138698,150004.7765730426,338078.72084946884,200.0,30000.0,2,AGRICULTURAL_BURNING,lance_archive,lance_archive_rule,cropland,136.47,18.46,74.22
21.10544,72.64433,333.95,0.52,0.41,20260902,837,N21,VIIRS,70.0,2.0NRT,292.7,5.69,D,,0.7,,17.0,732.7423184363766,125003.68852290389,4908.870301025185,25000.0,30000.0,1,PERSISTENT_INDUSTRIAL_FLARE,lance_archive,lance_archive_rule,ONGC Hazira Gas Processing Plant,0.733,21.11,72.64
21.10416,72.63442,335.35,0.52,0.41,20260902,837,N21,VIIRS,70.0,2.0NRT,290.75,8.63,D,,0.7,,9.0,1401.6061814620768,125846.59221007877,3902.5196607325115,25000.0,30000.0,1,PERSISTENT_INDUSTRIAL_FLARE,lance_archive,lance_archive_rule,ONGC Hazira Gas Processing Plant,1.402,21.1,72.63
10.76591,78.63389,332.65,0.61,0.53,20260902,837,N21,VIIRS,70.0,2.0NRT,299.67,4.46,D,,0.7,,1.0,263379.23241576686,148870.62807899358,534698.6643852751,200.0,30000.0,2,AGRICULTURAL_BURNING,lance_archive,lance_archive_rule,cropland,148.871,10.77,78.63
10.86781,77.73611,336.59,0.53,0.5,20260902,837,N21,VIIRS,70.0,2.0NRT,302.33,2.79,D,,0.7,,2.0,179432.45286912742,232061.02602787493,492958.6030442706,200.0,30000.0,2,AGRICULTURAL_BURNING,lance_archive,lance_archive_rule,cropland,179.432,10.87,77.74
10.86859,77.7392,338.51,0.53,0.5,20260902,837,N21,VIIRS,70.0,2.0NRT,301.4,6.27,D,,0.7,,2.0,179763.20952152496,231713.62673868545,492952.6745396447,200.0,30000.0,2,AGRICULTURAL_BURNING,lance_archive,lance_archive_rule,cropland,179.763,10.87,77.74
11.17819,77.71023,331.93,0.53,0.5,20260902,837,N21,VIIRS,70.0,2.0NRT,298.86,4.45,D,,0.7,,1.0,198095.5097415481,226146.97323409776,458763.11670865025,200.0,30000.0,2,AGRICULTURAL_BURNING,lance_archive,lance_archive_rule,cropland,198.096,11.18,77.71
11.72303,78.5864,332.6,0.62,0.54,20260902,837,N21,VIIRS,70.0,2.0NRT,293.09,5.77,D,,0.7,,1.0,242319.45202223357,128821.15643822354,436442.9346993811,200.0,30000.0,2,AGRICULTURAL_BURNING,lance_archive,lance_archive_rule,cropland,128.821,11.72,78.59
12.1201,79.1136,331.81,0.34,0.56,20260902,837,N21,VIIRS,70.0,2.0NRT,296.61,3.43,D,,0.7,,1.0,170196.34277605984,95492.9835212774,430414.85992024385,200.0,30000.0,2,AGRICULTURAL_BURNING,lance_archive,lance_archive_rule,cropland,95.493,12.12,79.11
12.0616,77.02872,343.15,0.49,0.49,20260902,837,N21,VIIRS,70.0,2.0NRT,296.93,9.89,D,,0.7,,1.0,235263.66712138077,302316.5920125792,348676.9001035031,200.0,300.0,2,AGRICULTURAL_BURNING,lance_archive,lance_archive_rule,cropland,235.264,12.06,77.03
12.42042,78.76832,336.12,0.33,0.55,20260902,837,N21,VIIRS,70.0,2.0NRT,288.62,3.86,D,,0.7,,2.0,181568.83998806923,145708.3561141814,381185.76947081776,200.0,30000.0,2,AGRICULTURAL_BURNING,lance_archive,lance_archive_rule,cropland,145.708,12.42,78.77
31.09241,74.68892,335.77,0.6,0.53,20260902,839,N21,VIIRS,70.0,2.0NRT,295.36,4.61,D,,0.7,,2.0,101053.5370929816,395414.8844873539,1063026.4080327034,200.0,300.0,2,AGRICULTURAL_BURNING,lance_archive,lance_archive_rule,cropland,101.054,31.09,74.69
31.12882,74.65296,339.88,0.6,0.53,20260902,839,N21,VIIRS,70.0,2.0NRT,294.93,7.4,D,,0.7,,2.0,105811.33620886749,400697.20278431126,1066455.9741533953,200.0,300.0,2,AGRICULTURAL_BURNING,lance_archive,lance_archive_rule,cropland,105.811,31.13,74.65
21.11116,72.63615,312.42,0.55,0.43,20260902,2108,N21,VIIRS,70.0,2.0NRT,292.67,3.17,N,,0.7,,17.0,922.7641378054382,125181.8924157606,4427.175416146139,25000.0,30000.0,1,PERSISTENT_INDUSTRIAL_FLARE,lance_archive,lance_archive_rule,ONGC Hazira Gas Processing Plant,0.923,21.11,72.64
21.10537,72.64582,338.79,0.55,0.43,20260902,2108,N21,VIIRS,70.0,2.0NRT,292.98,13.36,N,,0.7,,21.0,742.1133911980553,124897.38936006413,5051.334082245683,25000.0,30000.0,1,PERSISTENT_INDUSTRIAL_FLARE,lance_archive,lance_archive_rule,ONGC Hazira Gas Processing Plant,0.742,21.11,72.65
21.10441,72.65108,305.34,0.56,0.43,20260902,2108,N21,VIIRS,70.0,2.0NRT,291.72,1.8,N,,0.7,,10.0,1053.598674856313,124577.95572350927,5536.075902480954,25000.0,30000.0,1,PERSISTENT_INDUSTRIAL_FLARE,lance_archive,lance_archive_rule,ONGC Hazira Gas Processing Plant,1.054,21.1,72.65
21.10342,72.63448,331.44,0.55,0.43,20260902,2108,N21,VIIRS,70.0,2.0NRT,292.86,11.47,N,,0.7,,9.0,1449.5237111525182,125898.66400647788,3875.805633108007,25000.0,30000.0,1,PERSISTENT_INDUSTRIAL_FLARE,lance_archive,lance_archive_rule,ONGC Hazira Gas Processing Plant,1.45,21.1,72.63
21.10053,72.65025,308.09,0.56,0.43,20260902,2108,N21,VIIRS,70.0,2.0NRT,291.26,1.8,N,,0.7,,10.0,1386.8166815347515,124939.70658436928,5342.961043201281,25000.0,30000.0,1,PERSISTENT_INDUSTRIAL_FLARE,lance_archive,lance_archive_rule,ONGC Hazira Gas Processing Plant,1.387,21.1,72.65
15.18017,76.6749,301.96,0.43,0.62,20260902,2108,N21,VIIRS,70.0,2.0NRT,283.24,3.11,N,,0.7,,39.0,483.104838258374,169790.8376081342,483.104838258374,25000.0,300.0,1,PERSISTENT_INDUSTRIAL_FLARE,lance_archive,lance_archive_rule,JSW Steel Vijayanagar,0.483,15.18,76.67
11.5922,77.26511,306.72,0.55,0.68,20260902,2110,N21,VIIRS,70.0,2.0NRT,261.9,0.87,N,,0.7,,10.0,200426.23571138,271108.9471045593,403867.0327054724,200.0,300.0,2,AGRICULTURAL_BURNING,lance_archive,lance_archive_rule,cropland,200.426,11.59,77.27
10.43311,77.06167,300.53,0.56,0.69,20260902,2110,N21,VIIRS,70.0,2.0NRT,284.04,0.65,N,,0.7,,1.0,91299.1886112744,318173.8271982253,529304.3267614223,200.0,30000.0,2,AGRICULTURAL_BURNING,lance_archive,lance_archive_rule,cropland,91.299,10.43,77.06
18.24572,75.4022,336.99,0.4,0.37,20260903,818,N21,VIIRS,70.0,2.0NRT,294.85,4.06,D,,0.7,,1.0,256419.95922705592,201810.2916759936,366895.8681925362,200.0,30000.0,2,AGRICULTURAL_BURNING,lance_archive,lance_archive_rule,cropland,201.81,18.25,75.4
18.5062,74.34609,343.88,0.39,0.36,20260903,818,N21,VIIRS,70.0,2.0NRT,303.18,5.6,D,,0.7,,1.0,144467.5577228604,160140.41033991598,340453.0961045147,200.0,30000.0,2,AGRICULTURAL_BURNING,lance_archive,lance_archive_rule,cropland,144.468,18.51,74.35
18.65981,74.60452,333.35,0.39,0.36,20260903,818,N21,VIIRS,50.0,2.0NRT,303.89,2.45,D,,0.5,,1.0,160878.6538734809,180802.0696213753,341980.64612223406,200.0,30000.0,2,AGRICULTURAL_BURNING,lance_archive,lance_archive_rule,cropland,160.879,18.66,74.6
19.41619,74.73562,335.63,0.4,0.37,20260903,820,N21,VIIRS,70.0,2.0NRT,295.77,4.98,D,,0.7,,1.0,164368.01343543103,193523.94994053894,290291.5139923478,200.0,30000.0,2,AGRICULTURAL_BURNING,lance_archive,lance_archive_rule,cropland,164.368,19.42,74.74
21.10363,72.64727,341.64,0.39,0.36,20260903,820,N21,VIIRS,70.0,2.0NRT,302.04,9.19,D,,0.7,,10.0,960.0284557150734,124922.81001529928,5132.74292840541,25000.0,30000.0,1,PERSISTENT_INDUSTRIAL_FLARE,lance_archive,lance_archive_rule,ONGC Hazira Gas Processing Plant,0.96,21.1,72.65
21.10192,72.63627,339.66,0.39,0.36,20260903,820,N21,VIIRS,70.0,2.0NRT,300.92,9.64,D,,0.7,,26.0,1440.9766952017312,125877.40052488403,3989.363650560672,25000.0,30000.0,1,PERSISTENT_INDUSTRIAL_FLARE,lance_archive,lance_archive_rule,ONGC Hazira Gas Processing Plant,1.441,21.1,72.64
21.10691,72.6467,353.0,0.39,0.36,20260903,820,N21,VIIRS,70.0,2.0NRT,303.51,9.19,D,,0.7,,21.0,592.8185445715891,124713.03513354779,5196.788890045847,25000.0,30000.0,1,PERSISTENT_INDUSTRIAL_FLARE,lance_archive,lance_archive_rule,ONGC Hazira Gas Processing Plant,0.593,21.11,72.65
21.1085,72.63512,338.53,0.39,0.36,20260903,820,N21,VIIRS,70.0,2.0NRT,301.34,6.92,D,,0.7,,17.0,1096.2831010005527,125462.41949160634,4183.985328099129,25000.0,30000.0,1,PERSISTENT_INDUSTRIAL_FLARE,lance_archive,lance_archive_rule,ONGC Hazira Gas Processing Plant,1.096,21.11,72.64
30.57886,74.04327,330.83,0.46,0.39,20260903,822,N21,VIIRS,70.0,2.0NRT,300.38,2.89,D,,0.7,,1.0,94691.81978249841,407854.4759492972,997909.5770909176,200.0,300.0,2,AGRICULTURAL_BURNING,lance_archive,lance_archive_rule,cropland,94.692,30.58,74.04
30.78766,73.98348,333.83,0.46,0.39,20260903,822,N21,VIIRS,70.0,2.0NRT,301.61,15.24,D,,0.7,,1.0,111414.55800989196,425501.9689472665,1020389.5011779037,200.0,30000.0,2,AGRICULTURAL_BURNING,lance_archive,lance_archive_rule,cropland,111.415,30.79,73.98
31.03563,74.41142,335.51,0.48,0.4,20260903,822,N21,VIIRS,70.0,2.0NRT,297.85,3.55,D,,0.7,,1.0,104644.62949177256,410391.4892691595,1052721.0586185239,200.0,300.0,2,AGRICULTURAL_BURNING,lance_archive,lance_archive_rule,cropland,104.645,31.04,74.41
31.16984,75.04272,335.59,0.51,0.41,20260903,822,N21,VIIRS,70.0,2.0NRT,296.53,4.87,D,,0.7,,1.0,107474.45012324423,378822.5745002046,1077643.2339210468,200.0,300.0,2,AGRICULTURAL_BURNING,lance_archive,lance_archive_rule,cropland,107.474,31.17,75.04
31.46605,74.61465,336.94,0.49,0.4,20260903,822,N21,VIIRS,70.0,2.0NRT,301.01,4.63,D,,0.7,,1.0,143132.19505603446,430395.83113655203,1102906.5347368377,200.0,300.0,2,AGRICULTURAL_BURNING,lance_archive,lance_archive_rule,cropland,143.132,31.47,74.61
31.62567,74.98903,332.14,0.51,0.41,20260903,822,N21,VIIRS,70.0,2.0NRT,296.26,4.15,D,,0.7,,1.0,157731.55398943575,421676.6155448923,1126411.8411635072,200.0,300.0,2,AGRICULTURAL_BURNING,lance_archive,lance_archive_rule,cropland,157.732,31.63,74.99
31.81754,74.59283,340.73,0.5,0.41,20260903,822,N21,VIIRS,70.0,2.0NRT,296.72,6.08,D,,0.7,,1.0,181867.65643796726,461493.01387127856,1141237.1622405332,200.0,300.0,2,AGRICULTURAL_BURNING,lance_archive,lance_archive_rule,cropland,181.868,31.82,74.59
10.23588,79.19627,338.92,0.49,0.4,20260903,816,N21,VIIRS,70.0,2.0NRT,303.12,9.69,D,,0.7,,3.0,311876.92154808977,156418.1248967936,613979.3532357003,200.0,30000.0,2,AGRICULTURAL_BURNING,lance_archive,lance_archive_rule,cropland,156.418,10.24,79.2
10.11183,77.66344,343.37,0.42,0.37,20260903,816,N21,VIIRS,70.0,2.0NRT,308.57,6.72,D,,0.7,,2.0,143549.74016686983,277519.1380348192,573523.4704959797,200.0,30000.0,2,AGRICULTURAL_BURNING,lance_archive,lance_archive_rule,cropland,143.55,10.11,77.66
10.11128,77.65968,349.06,0.42,0.37,20260903,816,N21,VIIRS,70.0,2.0NRT,306.96,6.72,D,,0.7,,2.0,143134.28924388593,277891.84696055204,573507.1745380643,200.0,30000.0,2,AGRICULTURAL_BURNING,lance_archive,lance_archive_rule,cropland,143.134,10.11,77.66
10.11921,77.66613,342.56,0.42,0.37,20260903,816,N21,VIIRS,70.0,2.0NRT,308.33,8.07,D,,0.7,,1.0,143919.6975707292,276808.80914147757,572772.0855742214,200.0,30000.0,2,AGRICULTURAL_BURNING,lance_archive,lance_archive_rule,cropland,143.92,10.12,77.67
10.67869,78.942,335.66,0.48,0.4,20260903,816,N21,VIIRS,70.0,2.0NRT,296.53,7.36,D,,0.7,,1.0,292794.6368227006,129743.28104138524,557530.5362500229,200.0,30000.0,2,AGRICULTURAL_BURNING,lance_archive,lance_archive_rule,cropland,129.743,10.68,78.94
10.74984,78.97149,332.9,0.48,0.4,20260903,816,N21,VIIRS,70.0,2.0NRT,295.07,3.0,D,,0.7,,1.0,298018.0987465087,121793.6740889367,551862.7452940487,200.0,30000.0,2,AGRICULTURAL_BURNING,lance_archive,lance_archive_rule,cropland,121.794,10.75,78.97
10.84841,78.50124,347.91,0.46,0.39,20260903,816,N21,VIIRS,70.0,2.0NRT,299.73,10.66,D,,0.7,,1.0,252990.90519680842,156273.9230360511,520642.9912111155,200.0,30000.0,2,AGRICULTURAL_BURNING,lance_archive,lance_archive_rule,cropland,156.274,10.85,78.5
10.78625,77.79347,343.36,0.43,0.38,20260903,816,N21,VIIRS,70.0,2.0NRT,305.5,9.5,D,,0.7,,1.0,180134.38096683216,229288.37939938053,503249.3856898595,200.0,30000.0,2,AGRICULTURAL_BURNING,lance_archive,lance_archive_rule,cropland,180.134,10.79,77.79
11.00386,79.25903,335.16,0.5,0.41,20260903,816,N21,VIIRS,70.0,2.0NRT,300.72,2.95,D,,0.7,,1.0,263971.57274303935,79690.3965416617,542175.4824965645,200.0,30000.0,2,AGRICULTURAL_BURNING,lance_archive,lance_archive_rule,cropland,79.69,11.0,79.26
10.82759,77.76785,337.1,0.42,0.38,20260903,816,N21,VIIRS,70.0,2.0NRT,300.51,2.88,D,,0.7,,1.0,180017.46038466704,230278.22821758158,498118.56576361594,200.0,30000.0,2,AGRICULTURAL_BURNING,lance_archive,lance_archive_rule,cropland,180.017,10.83,77.77
11.18612,79.70135,330.95,0.53,0.42,20260903,816,N21,VIIRS,70.0,2.0NRT,299.27,5.73,D,,0.7,,1.0,228500.15182352962,38870.09511440202,551916.2942020606,200.0,30000.0,2,AGRICULTURAL_BURNING,lance_archive,lance_archive_rule,cropland,38.87,11.19,79.7
11.50959,79.52499,333.9,0.52,0.42,20260903,816,N21,VIIRS,70.0,2.0NRT,290.66,5.71,D,,0.7,,1.0,200818.54749492102,24967.40061362977,511562.6976268864,200.0,30000.0,2,AGRICULTURAL_BURNING,lance_archive,lance_archive_rule,cropland,24.967,11.51,79.52
11.39026,78.14157,341.79,0.44,0.39,20260903,816,N21,VIIRS,70.0,2.0NRT,296.62,3.98,D,,0.7,,1.0,249299.80354281107,176315.44529669793,450229.506336367,200.0,30000.0,2,AGRICULTURAL_BURNING,lance_archive,lance_archive_rule,cropland,176.315,11.39,78.14
11.45467,77.59742,332.46,0.42,0.38,20260903,816,N21,VIIRS,70.0,2.0NRT,294.74,2.43,D,,0.7,,1.0,211186.80100044567,235040.04852509344,425973.44496174576,200.0,30000.0,2,AGRICULTURAL_BURNING,lance_archive,lance_archive_rule,cropland,211.187,11.45,77.6
32.1031,74.17751,309.36,0.39,0.36,20260903,2046,N21,VIIRS,70.0,2.0NRT,295.85,2.92,N,,0.7,,3.0,222617.91766945098,510938.91690216656,1167781.277391859,200.0,300.0,2,AGRICULTURAL_BURNING,lance_archive,lance_archive_rule,cropland,222.618,32.1,74.18
31.67875,73.96751,309.0,0.39,0.36,20260903,2046,N21,VIIRS,70.0,2.0NRT,296.31,0.86,N,,0.7,,1.0,187630.22259549526,489954.86910379824,1118864.55610958,200.0,30000.0,2,AGRICULTURAL_BURNING,lance_archive,lance_archive_rule,cropland,187.63,31.68,73.97
31.61502,74.37548,308.84,0.39,0.36,20260903,2046,N21,VIIRS,70.0,2.0NRT,295.69,0.8,N,,0.7,,2.0,165215.65659641405,457910.3458870366,1116092.7250571363,200.0,300.0,2,AGRICULTURAL_BURNING,lance_archive,lance_archive_rule,cropland,165.216,31.62,74.38
29.47605,76.85793,329.76,0.41,0.37,20260903,2046,N21,VIIRS,70.0,2.0NRT,293.88,4.09,N,,0.7,,11.0,13693.092806921215,123175.68331804786,952396.39717863,200.0,30000.0,2,AGRICULTURAL_BURNING,lance_archive,lance_archive_rule,cropland,13.693,29.48,76.86
25.94356,72.19094,331.2,0.4,0.37,20260903,2049,N21,VIIRS,70.0,2.0NRT,296.13,3.76,N,,0.7,,11.0,1697.8028426559038,428699.1572649013,483605.0421442607,25000.0,30000.0,1,PERSISTENT_INDUSTRIAL_FLARE,lance_archive,lance_archive_rule,RIICO Balotra Industrial & Dyeing Area,1.698,25.94,72.19
21.11061,72.63454,307.53,0.38,0.36,20260903,2046,N21,VIIRS,70.0,2.0NRT,294.41,2.17,N,,0.7,,1.0,1095.987783102989,125345.4788854991,4253.359073752031,25000.0,30000.0,1,PERSISTENT_INDUSTRIAL_FLARE,lance_archive,lance_archive_rule,ONGC Hazira Gas Processing Plant,1.096,21.11,72.63
21.10831,72.64921,307.64,0.38,0.36,20260903,2046,N21,VIIRS,70.0,2.0NRT,294.94,2.7,N,,0.7,,21.0,599.2270436529625,124417.29868153275,5496.0753950278295,25000.0,30000.0,1,PERSISTENT_INDUSTRIAL_FLARE,lance_archive,lance_archive_rule,ONGC Hazira Gas Processing Plant,0.599,21.11,72.65
21.10559,72.64497,336.85,0.38,0.36,20260903,2046,N21,VIIRS,70.0,2.0NRT,296.19,5.98,N,,0.7,,17.0,712.7662734851,124944.17709464261,4976.908655410621,25000.0,30000.0,1,PERSISTENT_INDUSTRIAL_FLARE,lance_archive,lance_archive_rule,ONGC Hazira Gas Processing Plant,0.713,21.11,72.64
21.10674,72.63763,308.49,0.38,0.36,20260903,2046,N21,VIIRS,70.0,2.0NRT,294.77,2.86,N,,0.7,,17.0,962.5858212977821,125407.54957954279,4324.838017085492,25000.0,30000.0,1,PERSISTENT_INDUSTRIAL_FLARE,lance_archive,lance_archive_rule,ONGC Hazira Gas Processing Plant,0.963,21.11,72.64
21.10502,72.64862,318.53,0.38,0.36,20260903,2046,N21,VIIRS,70.0,2.0NRT,294.39,5.98,N,,0.7,,21.0,862.2103098544294,124714.73573623116,5313.229628340839,25000.0,30000.0,1,PERSISTENT_INDUSTRIAL_FLARE,lance_archive,lance_archive_rule,ONGC Hazira Gas Processing Plant,0.862,21.11,72.65
21.10345,72.63704,333.77,0.38,0.36,20260903,2046,N21,VIIRS,70.0,2.0NRT,294.36,2.86,N,,0.7,,26.0,1259.2394295487975,125703.75320885958,4123.388691212232,25000.0,30000.0,1,PERSISTENT_INDUSTRIAL_FLARE,lance_archive,lance_archive_rule,ONGC Hazira Gas Processing Plant,1.259,21.1,72.64
21.10016,72.63646,332.79,0.38,0.36,20260903,2046,N21,VIIRS,70.0,2.0NRT,294.58,6.12,N,,0.7,,26.0,1586.8580908365097,125680.77298444661,3947.5851810391277,25000.0,30000.0,1,PERSISTENT_INDUSTRIAL_FLARE,lance_archive,lance_archive_rule,ONGC Hazira Gas Processing Plant,1.587,21.1,72.64
18.69219,73.03861,308.87,0.39,0.36,20260903,2049,N21,VIIRS,70.0,2.0NRT,291.31,2.04,N,,0.7,,13.0,38884.85117031609,40610.14430706723,270539.0463882845,200.0,30000.0,2,AGRICULTURAL_BURNING,lance_archive,lance_archive_rule,cropland,38.885,18.69,73.04
18.68674,73.03004,319.05,0.39,0.36,20260903,2049,N21,VIIRS,70.0,2.0NRT,291.93,1.67,N,,0.7,,8.0,39104.262113299264,40964.865042994126,270986.3342776272,200.0,30000.0,2,AGRICULTURAL_BURNING,lance_archive,lance_archive_rule,cropland,39.104,18.69,73.03
18.68221,73.03683,331.89,0.39,0.36,20260903,2049,N21,VIIRS,70.0,2.0NRT,291.55,5.42,N,,0.7,,8.0,39837.55809839994,41631.68677580195,271601.6592617239,200.0,30000.0,2,AGRICULTURAL_BURNING,lance_archive,lance_archive_rule,cropland,39.838,18.68,73.04
18.68341,73.02945,308.6,0.39,0.36,20260903,2049,N21,VIIRS,70.0,2.0NRT,290.98,1.67,N,,0.7,,11.0,39426.63243092897,41309.08476361256,271341.34989061404,200.0,30000.0,2,AGRICULTURAL_BURNING,lance_archive,lance_archive_rule,cropland,39.427,18.68,73.03
18.67889,73.03624,314.72,0.39,0.36,20260903,2049,N21,VIIRS,70.0,2.0NRT,290.86,2.73,N,,0.7,,8.0,40156.55425288714,41972.75236936601,271955.3021068568,200.0,30000.0,2,AGRICULTURAL_BURNING,lance_archive,lance_archive_rule,cropland,40.157,18.68,73.04
15.18609,76.65908,306.28,0.42,0.45,20260903,2049,N21,VIIRS,70.0,2.0NRT,290.85,1.64,N,,0.7,,3.0,1563.8195726404513,168345.31731311005,1563.8195726404513,25000.0,300.0,1,PERSISTENT_INDUSTRIAL_FLARE,lance_archive,lance_archive_rule,JSW Steel Vijayanagar,1.564,15.19,76.66
15.18064,76.66591,324.76,0.42,0.45,20260903,2049,N21,VIIRS,70.0,2.0NRT,290.71,2.2,N,,0.7,,39.0,620.1191048631282,169243.48357307495,620.1191048631282,25000.0,300.0,1,PERSISTENT_INDUSTRIAL_FLARE,lance_archive,lance_archive_rule,JSW Steel Vijayanagar,0.62,15.18,76.67
15.17996,76.66974,305.7,0.42,0.45,20260903,2049,N21,VIIRS,70.0,2.0NRT,290.04,2.2,N,,0.7,,39.0,256.4811172332305,169521.76219570063,256.4811172332305,25000.0,300.0,1,PERSISTENT_INDUSTRIAL_FLARE,lance_archive,lance_archive_rule,JSW Steel Vijayanagar,0.256,15.18,76.67
15.1786,76.6774,304.63,0.42,0.45,20260903,2049,N21,VIIRS,70.0,2.0NRT,290.54,2.62,N,,0.7,,15.0,690.0550109606304,170080.01953000788,690.0550109606304,25000.0,300.0,1,PERSISTENT_INDUSTRIAL_FLARE,lance_archive,lance_archive_rule,JSW Steel Vijayanagar,0.69,15.18,76.68
15.17791,76.65741,326.69,0.42,0.45,20260903,2049,N21,VIIRS,70.0,2.0NRT,290.55,1.81,N,,0.7,,32.0,1458.4607810788614,169031.98245031998,1458.4607810788614,25000.0,300.0,1,PERSISTENT_INDUSTRIAL_FLARE,lance_archive,lance_archive_rule,JSW Steel Vijayanagar,1.458,15.18,76.66
15.17859,76.65359,305.26,0.42,0.45,20260903,2049,N21,VIIRS,70.0,2.0NRT,289.91,1.04,N,,0.7,,17.0,1869.5225773106579,168756.54689279923,1869.5225773106579,25000.0,300.0,1,PERSISTENT_INDUSTRIAL_FLARE,lance_archive,lance_archive_rule,JSW Steel Vijayanagar,1.87,15.18,76.65
15.17451,76.67654,305.63,0.42,0.45,20260903,2049,N21,VIIRS,70.0,2.0NRT,289.91,1.13,N,,0.7,,4.0,709.9802090750617,170419.3866428677,709.9802090750617,25000.0,300.0,1,PERSISTENT_INDUSTRIAL_FLARE,lance_archive,lance_archive_rule,JSW Steel Vijayanagar,0.71,15.17,76.68
15.17179,76.69175,307.81,0.42,0.45,20260903,2049,N21,VIIRS,70.0,2.0NRT,289.5,1.18,N,,0.7,,9.0,2331.447034711151,171534.10500993498,2331.447034711151,25000.0,300.0,1,PERSISTENT_INDUSTRIAL_FLARE,lance_archive,lance_archive_rule,JSW Steel Vijayanagar,2.331,15.17,76.69
15.1745,76.65276,305.33,0.42,0.45,20260903,2049,N21,VIIRS,70.0,2.0NRT,289.85,1.04,N,,0.7,,3.0,1995.7759403556813,169101.5784896196,1995.7759403556813,25000.0,300.0,1,PERSISTENT_INDUSTRIAL_FLARE,lance_archive,lance_archive_rule,JSW Steel Vijayanagar,1.996,15.17,76.65
15.17382,76.65658,306.57,0.42,0.45,20260903,2049,N21,VIIRS,70.0,2.0NRT,290.34,1.81,N,,0.7,,6.0,1615.807308197829,169376.4457861526,1615.807308197829,25000.0,300.0,1,PERSISTENT_INDUSTRIAL_FLARE,lance_archive,lance_archive_rule,JSW Steel Vijayanagar,1.616,15.17,76.66
15.17314,76.6604,303.5,0.42,0.45,20260903,2049,N21,VIIRS,70.0,2.0NRT,289.81,1.81,N,,0.7,,6.0,1259.4014339255662,169651.8871696469,1259.4014339255662,25000.0,300.0,1,PERSISTENT_INDUSTRIAL_FLARE,lance_archive,lance_archive_rule,JSW Steel Vijayanagar,1.259,15.17,76.66
11.18059,79.10029,313.59,0.35,0.57,20260903,2051,N21,VIIRS,70.0,2.0NRT,290.21,1.28,N,,0.7,,4.0,254248.22926428827,81179.84297935301,516443.53557449253,200.0,30000.0,2,AGRICULTURAL_BURNING,lance_archive,lance_archive_rule,cropland,81.18,11.18,79.1
11.10315,77.76294,306.76,0.58,0.52,20260903,2051,N21,VIIRS,70.0,2.0NRT,289.5,0.94,N,,0.7,,1.0,197110.1105700266,222158.79537502833,468268.6857744793,200.0,30000.0,2,AGRICULTURAL_BURNING,lance_archive,lance_archive_rule,cropland,197.11,11.1,77.76
